# metadata_json,"{""task"":""analyze_sky_vs_50ohm"",""timestamp_utc"":""2026-06-17T00:52:42.520648+00:00"",""product"":""stitched_sky_over_50ohm"",""ratio"":""sky_psd_linear_per_hz / calibration_psd_linear_per_hz"",""stitch_method"":""mean ratio in uniform frequency bins"",""stitched_bin_width_hz"":5000.0,""center_freqs_hz"":[1418805800,1419605800,1420405800,1421205800,1422005800],""sky_data_dir"":""../data/commiss_21cm_data_061626_2"",""calibration_data_dir"":""../data/commiss_50ohm_data_061626_2"",""sky_scan_count"":100,""calibration_scan_count"":100}"
frequency_hz,frequency_mhz,sky_over_50ohm,n_points_averaged
1417608343.750,1417.608343750,1.825523239861e+00,9
1417613617.188,1417.613617188,1.695357657733e+00,9
1417618597.656,1417.618597656,1.639717795204e+00,8
1417623578.125,1417.623578125,1.759848151119e+00,9
1417628558.594,1417.628558594,1.665049918804e+00,8
1417633539.062,1417.633539062,1.621564064906e+00,9
1417638519.531,1417.638519531,1.734806064546e+00,8
1417643500.000,1417.643500000,1.622469582988e+00,9
1417648480.469,1417.648480469,1.605759410727e+00,8
1417653460.938,1417.653460938,1.763267086880e+00,9
1417658441.406,1417.658441406,1.659277810657e+00,8
1417663421.875,1417.663421875,1.589438391657e+00,9
1417668402.344,1417.668402344,1.688730094552e+00,8
1417673382.812,1417.673382812,1.600136019179e+00,9
1417678363.281,1417.678363281,1.560840417904e+00,8
1417683343.750,1417.683343750,1.685302013401e+00,9
1417688617.188,1417.688617188,1.601134585310e+00,9
1417693597.656,1417.693597656,1.579162416644e+00,8
1417698578.125,1417.698578125,1.668892815842e+00,9
1417703558.594,1417.703558594,1.604290160885e+00,8
1417708539.062,1417.708539062,1.549336556412e+00,9
1417713519.531,1417.713519531,1.631349172409e+00,8
1417718500.000,1417.718500000,1.533469950660e+00,9
1417723480.469,1417.723480469,1.509065942546e+00,8
1417728460.938,1417.728460938,1.606393009967e+00,9
1417733441.406,1417.733441406,1.545663066969e+00,8
1417738421.875,1417.738421875,1.557818083028e+00,9
1417743402.344,1417.743402344,1.650549950907e+00,8
1417748382.812,1417.748382812,1.557936628817e+00,9
1417753363.281,1417.753363281,1.547605624609e+00,8
1417758343.750,1417.758343750,1.646534292640e+00,9
1417763617.188,1417.763617188,1.575141890264e+00,9
1417768597.656,1417.768597656,1.524891084635e+00,8
1417773578.125,1417.773578125,1.630653807745e+00,9
1417778558.594,1417.778558594,1.570661919965e+00,8
1417783539.062,1417.783539062,1.529114898967e+00,9
1417788519.531,1417.788519531,1.646571101827e+00,8
1417793500.000,1417.793500000,1.596650742898e+00,9
1417798480.469,1417.798480469,1.545165224624e+00,8
1417803460.938,1417.803460938,1.696686994347e+00,9
1417808441.406,1417.808441406,1.579988340332e+00,8
1417813421.875,1417.813421875,1.525495973081e+00,9
1417818402.344,1417.818402344,1.600805106872e+00,8
1417823382.812,1417.823382812,1.509037572996e+00,9
1417828363.281,1417.828363281,1.537739646266e+00,8
1417833343.750,1417.833343750,1.669499164624e+00,9
1417838617.188,1417.838617188,1.548511273508e+00,9
1417843597.656,1417.843597656,1.575215145125e+00,8
1417848578.125,1417.848578125,1.634598002763e+00,9
1417853558.594,1417.853558594,1.612593257103e+00,8
1417858539.062,1417.858539062,1.556403412095e+00,9
1417863519.531,1417.863519531,1.641762944582e+00,8
1417868500.000,1417.868500000,1.552090831898e+00,9
1417873480.469,1417.873480469,1.535619354041e+00,8
1417878460.938,1417.878460938,1.677897356819e+00,9
1417883441.406,1417.883441406,1.558261205775e+00,8
1417888421.875,1417.888421875,1.538529101598e+00,9
1417893402.344,1417.893402344,1.660367211330e+00,8
1417898382.812,1417.898382812,1.534866778244e+00,9
1417903363.281,1417.903363281,1.507548101734e+00,8
1417908343.750,1417.908343750,1.597678449137e+00,9
1417913617.188,1417.913617188,1.520254573965e+00,9
1417918597.656,1417.918597656,1.523899139082e+00,8
1417923578.125,1417.923578125,1.676956597238e+00,9
1417928558.594,1417.928558594,1.571488184855e+00,8
1417933539.062,1417.933539062,1.520161651216e+00,9
1417938519.531,1417.938519531,1.721685293020e+00,8
1417943500.000,1417.943500000,1.598728128759e+00,9
1417948480.469,1417.948480469,1.528384934719e+00,8
1417953460.938,1417.953460938,1.631909894688e+00,9
1417958441.406,1417.958441406,1.534730732606e+00,8
1417963421.875,1417.963421875,1.547775096920e+00,9
1417968402.344,1417.968402344,1.662592901898e+00,8
1417973382.812,1417.973382812,1.584127687861e+00,9
1417978363.281,1417.978363281,1.531530459301e+00,8
1417983343.750,1417.983343750,1.693913847988e+00,9
1417988617.188,1417.988617188,1.561733825759e+00,9
1417993597.656,1417.993597656,1.508085475638e+00,8
1417998578.125,1417.998578125,1.588732069757e+00,9
1418003558.594,1418.003558594,1.538139532215e+00,8
1418008539.062,1418.008539062,1.540371993198e+00,9
1418013519.531,1418.013519531,1.688234691382e+00,8
1418018500.000,1418.018500000,1.568348822232e+00,9
1418023480.469,1418.023480469,1.491637203473e+00,8
1418028460.938,1418.028460938,1.631077246245e+00,9
1418033441.406,1418.033441406,1.543313747610e+00,8
1418038421.875,1418.038421875,1.532936267908e+00,9
1418043402.344,1418.043402344,1.656295762989e+00,8
1418048382.812,1418.048382812,1.557894031525e+00,9
1418053363.281,1418.053363281,1.536502043642e+00,8
1418058343.750,1418.058343750,1.638629222014e+00,9
1418063617.188,1418.063617188,1.558131787475e+00,9
1418068597.656,1418.068597656,1.541713190709e+00,8
1418073578.125,1418.073578125,1.643593105194e+00,9
1418078558.594,1418.078558594,1.575804003302e+00,8
1418083539.062,1418.083539062,1.517492061337e+00,9
1418088519.531,1418.088519531,1.586741437994e+00,8
1418093500.000,1418.093500000,1.529671217787e+00,9
1418098480.469,1418.098480469,1.537260103244e+00,8
1418103460.938,1418.103460938,1.657414043481e+00,9
1418108441.406,1418.108441406,1.551026891457e+00,8
1418113421.875,1418.113421875,1.537465911937e+00,9
1418118402.344,1418.118402344,1.675184594596e+00,8
1418123382.812,1418.123382812,1.582710309529e+00,9
1418128363.281,1418.128363281,1.526962930304e+00,8
1418133343.750,1418.133343750,1.649997542346e+00,9
1418138617.188,1418.138617188,1.547372225591e+00,9
1418143597.656,1418.143597656,1.530108246850e+00,8
1418148578.125,1418.148578125,1.659960871108e+00,9
1418153558.594,1418.153558594,1.553943194024e+00,8
1418158539.062,1418.158539062,1.530335803895e+00,9
1418163519.531,1418.163519531,1.677860652557e+00,8
1418168500.000,1418.168500000,1.562936627747e+00,9
1418173480.469,1418.173480469,1.508233137060e+00,8
1418178460.938,1418.178460938,1.594245801062e+00,9
1418183441.406,1418.183441406,1.518577373449e+00,8
1418188421.875,1418.188421875,1.531723454808e+00,9
1418193402.344,1418.193402344,1.653334717475e+00,8
1418198382.812,1418.198382812,1.548679772046e+00,9
1418203363.281,1418.203363281,1.530238814312e+00,8
1418208343.750,1418.208343750,1.626772959504e+00,9
1418213617.188,1418.213617188,1.604328645602e+00,9
1418218597.656,1418.218597656,1.538359762809e+00,8
1418223578.125,1418.223578125,1.639276760756e+00,9
1418228558.594,1418.228558594,1.548534778518e+00,8
1418233539.062,1418.233539062,1.566148085859e+00,9
1418238519.531,1418.238519531,1.644812847554e+00,8
1418243500.000,1418.243500000,1.601149400976e+00,9
1418248480.469,1418.248480469,1.522093296073e+00,8
1418253460.938,1418.253460938,1.616868996826e+00,9
1418258441.406,1418.258441406,1.588820562495e+00,8
1418263421.875,1418.263421875,1.500390723371e+00,9
1418268402.344,1418.268402344,1.575365377839e+00,8
1418273382.812,1418.273382812,1.519032054859e+00,9
1418278363.281,1418.278363281,1.540947104979e+00,8
1418283343.750,1418.283343750,1.689574661816e+00,9
1418288617.188,1418.288617188,1.579761112490e+00,9
1418293597.656,1418.293597656,1.545843799763e+00,8
1418298578.125,1418.298578125,1.627950932935e+00,9
1418303558.594,1418.303558594,1.553415446270e+00,8
1418308539.062,1418.308539062,1.547583157257e+00,9
1418313519.531,1418.313519531,1.643523404952e+00,8
1418318500.000,1418.318500000,1.561816505467e+00,9
1418323480.469,1418.323480469,1.538712496790e+00,8
1418328460.938,1418.328460938,1.680080892644e+00,9
1418333441.406,1418.333441406,1.612886652419e+00,8
1418338421.875,1418.338421875,1.550849206771e+00,9
1418343402.344,1418.343402344,1.620154420051e+00,8
1418348382.812,1418.348382812,1.559786229387e+00,9
1418353363.281,1418.353363281,1.523207536000e+00,8
1418358343.750,1418.358343750,1.586552793426e+00,9
1418363617.188,1418.363617188,1.511212549052e+00,9
1418368597.656,1418.368597656,1.503288439315e+00,8
1418373578.125,1418.373578125,1.655496450479e+00,9
1418378558.594,1418.378558594,1.576567262593e+00,8
1418383539.062,1418.383539062,1.528652168748e+00,9
1418388519.531,1418.388519531,1.607242237077e+00,8
1418393500.000,1418.393500000,1.567001559439e+00,9
1418398480.469,1418.398480469,1.511978422698e+00,8
1418403460.938,1418.403460938,1.640766457842e+00,9
1418408389.706,1418.408389706,1.707630044905e+00,17
1418413519.531,1418.413519531,1.677244085907e+00,18
1418418500.000,1418.418500000,1.839419820473e+00,16
1418423480.469,1418.423480469,1.697995559652e+00,18
1418428460.938,1418.428460937,1.682123435047e+00,16
1418433441.406,1418.433441406,1.822473754905e+00,18
1418438571.232,1418.438571232,1.675350738515e+00,17
1418443545.956,1418.443545956,1.614687231734e+00,17
1418448532.169,1418.448532169,1.709922715776e+00,17
1418453506.893,1418.453506893,1.624438278531e+00,17
1418458493.107,1418.458493107,1.602831501480e+00,17
1418463467.831,1418.463467831,1.748624344161e+00,17
1418468454.044,1418.468454044,1.646432333431e+00,17
1418473428.768,1418.473428768,1.659748754026e+00,17
1418478414.982,1418.478414982,1.758719505412e+00,17
1418483389.706,1418.483389706,1.631692270778e+00,17
1418488519.531,1418.488519531,1.580970470762e+00,18
1418493500.000,1418.493500000,1.696874332197e+00,16
1418498480.469,1418.498480469,1.626259686939e+00,18
1418503460.938,1418.503460937,1.592645341894e+00,16
1418508441.406,1418.508441406,1.699483742612e+00,18
1418513571.232,1418.513571232,1.606623926843e+00,17
1418518545.956,1418.518545956,1.582008919247e+00,17
1418523532.169,1418.523532169,1.715583072602e+00,17
1418528506.893,1418.528506893,1.625479429751e+00,17
1418533493.107,1418.533493107,1.514979419858e+00,17
1418538467.831,1418.538467831,1.630651068058e+00,17
1418543454.044,1418.543454044,1.547185628017e+00,17
1418548428.768,1418.548428768,1.562739820266e+00,17
1418553414.982,1418.553414982,1.667387314836e+00,17
1418558389.706,1418.558389706,1.599330211226e+00,17
1418563519.531,1418.563519531,1.574586286617e+00,18
1418568500.000,1418.568500000,1.699541037058e+00,16
1418573480.469,1418.573480469,1.589960088944e+00,18
1418578460.938,1418.578460938,1.543409338583e+00,16
1418583441.406,1418.583441406,1.674856506802e+00,18
1418588571.232,1418.588571232,1.574813588142e+00,17
1418593545.956,1418.593545956,1.566219030274e+00,17
1418598532.169,1418.598532169,1.708034011117e+00,17
1418603506.893,1418.603506893,1.606069398124e+00,17
1418608493.107,1418.608493107,1.557959254458e+00,17
1418613467.831,1418.613467831,1.723101184570e+00,17
1418618454.044,1418.618454044,1.628758629920e+00,17
1418623428.768,1418.623428768,1.515368163290e+00,17
1418628414.982,1418.628414982,1.621848965241e+00,17
1418633389.706,1418.633389706,1.552904015935e+00,17
1418638519.531,1418.638519531,1.536253061340e+00,18
1418643500.000,1418.643500000,1.705263393037e+00,16
1418648480.469,1418.648480469,1.607965888773e+00,18
1418653460.938,1418.653460938,1.605577655296e+00,16
1418658441.406,1418.658441406,1.761814783721e+00,18
1418663571.232,1418.663571232,1.601393357079e+00,17
1418668545.956,1418.668545956,1.598921755043e+00,17
1418673532.169,1418.673532169,1.676053102607e+00,17
1418678506.893,1418.678506893,1.591510852635e+00,17
1418683493.107,1418.683493107,1.614181599692e+00,17
1418688467.831,1418.688467831,1.716158944845e+00,17
1418693454.044,1418.693454044,1.611823513512e+00,17
1418698428.768,1418.698428768,1.597058658362e+00,17
1418703414.982,1418.703414982,1.691980370148e+00,17
1418708389.706,1418.708389706,1.616222781401e+00,17
1418713519.531,1418.713519531,1.520707327859e+00,18
1418718500.000,1418.718500000,1.613935891796e+00,16
1418723480.469,1418.723480469,1.533136235597e+00,18
1418728460.938,1418.728460937,1.517282146065e+00,16
1418733441.406,1418.733441406,1.640090656415e+00,18
1418738571.232,1418.738571232,1.555645541772e+00,17
1418743545.956,1418.743545956,1.516082114325e+00,17
1418748532.169,1418.748532169,1.668288747303e+00,17
1418753506.893,1418.753506893,1.581511412908e+00,17
1418758493.107,1418.758493107,1.550451754956e+00,17
1418763467.831,1418.763467831,1.689565983094e+00,17
1418768454.044,1418.768454044,1.584198883135e+00,17
1418773428.768,1418.773428768,1.550800643089e+00,17
1418778414.982,1418.778414982,1.683482351173e+00,17
1418783389.706,1418.783389706,1.596222313796e+00,17
1418788519.531,1418.788519531,1.541505642905e+00,18
1418793500.000,1418.793500000,1.648310901248e+00,16
1418798480.469,1418.798480469,1.548413594346e+00,18
1418803460.938,1418.803460937,1.491999135515e+00,16
1418808441.406,1418.808441406,1.607174023490e+00,18
1418813571.232,1418.813571232,1.535593815838e+00,17
1418818545.956,1418.818545956,1.563337956378e+00,17
1418823532.169,1418.823532169,1.698320250751e+00,17
1418828506.893,1418.828506893,1.594093374626e+00,17
1418833493.107,1418.833493107,1.552098799196e+00,17
1418838467.831,1418.838467831,1.683745740069e+00,17
1418843454.044,1418.843454044,1.606877623703e+00,17
1418848428.768,1418.848428768,1.565702165712e+00,17
1418853414.982,1418.853414982,1.673515287288e+00,17
1418858389.706,1418.858389706,1.575298698545e+00,17
1418863519.531,1418.863519531,1.555062305668e+00,18
1418868500.000,1418.868500000,1.735190545432e+00,16
1418873480.469,1418.873480469,1.631061391752e+00,18
1418878460.938,1418.878460937,1.541597049256e+00,16
1418883441.406,1418.883441406,1.765912316885e+00,18
1418888571.232,1418.888571232,1.559753723619e+00,17
1418893545.956,1418.893545956,1.516883453171e+00,17
1418898532.169,1418.898532169,1.627295679628e+00,17
1418903506.893,1418.903506893,1.544514229410e+00,17
1418908493.107,1418.908493107,1.538186052026e+00,17
1418913467.831,1418.913467831,1.687594195384e+00,17
1418918454.044,1418.918454044,1.602135353586e+00,17
1418923428.768,1418.923428768,1.552866221665e+00,17
1418928414.982,1418.928414982,1.677694015690e+00,17
1418933389.706,1418.933389706,1.619576062439e+00,17
1418938519.531,1418.938519531,1.573460205290e+00,18
1418943500.000,1418.943500000,1.705908463501e+00,16
1418948480.469,1418.948480469,1.598569937665e+00,18
1418953460.938,1418.953460938,1.579650659143e+00,16
1418958441.406,1418.958441406,1.713667037064e+00,18
1418963571.232,1418.963571232,1.577736584212e+00,17
1418968545.956,1418.968545956,1.558072516465e+00,17
1418973532.169,1418.973532169,1.672722058712e+00,17
1418978506.893,1418.978506893,1.576897048931e+00,17
1418983493.107,1418.983493107,1.515787424373e+00,17
1418988467.831,1418.988467831,1.629441789701e+00,17
1418993454.044,1418.993454044,1.544716679668e+00,17
1418998428.768,1418.998428768,1.532936009526e+00,17
1419003414.982,1419.003414982,1.718829960424e+00,17
1419008389.706,1419.008389706,1.626698594320e+00,17
1419013519.531,1419.013519531,1.544434577387e+00,18
1419018500.000,1419.018500000,1.671867468390e+00,16
1419023480.469,1419.023480469,1.590057772772e+00,18
1419028460.938,1419.028460938,1.553584659817e+00,16
1419033441.406,1419.033441406,1.692880623320e+00,18
1419038571.232,1419.038571232,1.590856483105e+00,17
1419043545.956,1419.043545956,1.588280498455e+00,17
1419048532.169,1419.048532169,1.707145014166e+00,17
1419053506.893,1419.053506893,1.605661783451e+00,17
1419058493.107,1419.058493107,1.536192935416e+00,17
1419063467.831,1419.063467831,1.640111862274e+00,17
1419068454.044,1419.068454044,1.591146420331e+00,17
1419073428.768,1419.073428768,1.519895506139e+00,17
1419078414.982,1419.078414982,1.635161742608e+00,17
1419083389.706,1419.083389706,1.558466626015e+00,17
1419088519.531,1419.088519531,1.535358367529e+00,18
1419093500.000,1419.093500000,1.712026356759e+00,16
1419098480.469,1419.098480469,1.585916431770e+00,18
1419103460.938,1419.103460937,1.536257021853e+00,16
1419108441.406,1419.108441406,1.697583080408e+00,18
1419113571.232,1419.113571232,1.633791388633e+00,17
1419118545.956,1419.118545956,1.573593344416e+00,17
1419123532.169,1419.123532169,1.725875415349e+00,17
1419128506.893,1419.128506893,1.621187379199e+00,17
1419133493.107,1419.133493107,1.588723926684e+00,17
1419138467.831,1419.138467831,1.767256115447e+00,17
1419143454.044,1419.143454044,1.648492658972e+00,17
1419148428.768,1419.148428768,1.616815017802e+00,17
1419153414.982,1419.153414982,1.655840968339e+00,17
1419158389.706,1419.158389706,1.679375746409e+00,17
1419163519.531,1419.163519531,1.543735746985e+00,18
1419168500.000,1419.168500000,1.666322186776e+00,16
1419173480.469,1419.173480469,1.579751987345e+00,18
1419178460.938,1419.178460937,1.615721327216e+00,16
1419183441.406,1419.183441406,1.821305326336e+00,18
1419188571.232,1419.188571232,1.640889483337e+00,17
1419193545.956,1419.193545956,1.600462425997e+00,17
1419198532.169,1419.198532169,1.680209185865e+00,17
1419203506.893,1419.203506893,1.626709121070e+00,17
1419208441.406,1419.208441406,1.710521638218e+00,26
1419213519.531,1419.213519531,1.840742067471e+00,26
1419218500.000,1419.218500000,1.700368548854e+00,25
1419223480.469,1419.223480469,1.694256082819e+00,26
1419228460.938,1419.228460938,1.844625181249e+00,25
1419233441.406,1419.233441406,1.751304068753e+00,26
1419238519.531,1419.238519531,1.650540879345e+00,26
1419243500.000,1419.243500000,1.789732964903e+00,25
1419248480.469,1419.248480469,1.651808505839e+00,26
1419253460.938,1419.253460938,1.601618266937e+00,25
1419258441.406,1419.258441406,1.723347081175e+00,26
1419263519.531,1419.263519531,1.639220067915e+00,26
1419268500.000,1419.268500000,1.605993221525e+00,25
1419273480.469,1419.273480469,1.782265619961e+00,26
1419278460.938,1419.278460938,1.652398307441e+00,25
1419283441.406,1419.283441406,1.624911957998e+00,26
1419288519.531,1419.288519531,1.770148867401e+00,26
1419293500.000,1419.293500000,1.647700446960e+00,25
1419298480.469,1419.298480469,1.627433990285e+00,26
1419303460.938,1419.303460938,1.796573578871e+00,25
1419308441.406,1419.308441406,1.687560906711e+00,26
1419313519.531,1419.313519531,1.605001488381e+00,26
1419318500.000,1419.318500000,1.738835390211e+00,25
1419323480.469,1419.323480469,1.662999719618e+00,26
1419328460.938,1419.328460938,1.623282024600e+00,25
1419333441.406,1419.333441406,1.709550576896e+00,26
1419338519.531,1419.338519531,1.643153053342e+00,26
1419343500.000,1419.343500000,1.556328621928e+00,25
1419348480.469,1419.348480469,1.703701919692e+00,26
1419353460.938,1419.353460938,1.593820696982e+00,25
1419358441.406,1419.358441406,1.572881157676e+00,26
1419363519.531,1419.363519531,1.717834021599e+00,26
1419368500.000,1419.368500000,1.635820270995e+00,25
1419373480.469,1419.373480469,1.578463624633e+00,26
1419378460.938,1419.378460938,1.707162547831e+00,25
1419383441.406,1419.383441406,1.650381905020e+00,26
1419388519.531,1419.388519531,1.588079375777e+00,26
1419393500.000,1419.393500000,1.734595357574e+00,25
1419398480.469,1419.398480469,1.634857738715e+00,26
1419403460.938,1419.403460938,1.596575484576e+00,25
1419408441.406,1419.408441406,1.757947725811e+00,26
1419413519.531,1419.413519531,1.679169688633e+00,26
1419418500.000,1419.418500000,1.574498839935e+00,25
1419423480.469,1419.423480469,1.778115671016e+00,26
1419428460.938,1419.428460938,1.595495431708e+00,25
1419433441.406,1419.433441406,1.556492802547e+00,26
1419438519.531,1419.438519531,1.688921567216e+00,26
1419443500.000,1419.443500000,1.595275936702e+00,25
1419448480.469,1419.448480469,1.574181069470e+00,26
1419453460.938,1419.453460938,1.743414847813e+00,25
1419458441.406,1419.458441406,1.639446100305e+00,26
1419463519.531,1419.463519531,1.623500687696e+00,26
1419468500.000,1419.468500000,1.786806767817e+00,25
1419473480.469,1419.473480469,1.646458811457e+00,26
1419478460.938,1419.478460938,1.605909270928e+00,25
1419483441.406,1419.483441406,1.798883847585e+00,26
1419488519.531,1419.488519531,1.704843958237e+00,26
1419493500.000,1419.493500000,1.636275421714e+00,25
1419498480.469,1419.498480469,1.783636722405e+00,26
1419503460.938,1419.503460938,1.666561405009e+00,25
1419508441.406,1419.508441406,1.655964533962e+00,26
1419513519.531,1419.513519531,1.729330650016e+00,26
1419518500.000,1419.518500000,1.662052132627e+00,25
1419523480.469,1419.523480469,1.571256015726e+00,26
1419528460.938,1419.528460938,1.688156945018e+00,25
1419533441.406,1419.533441406,1.615529737660e+00,26
1419538519.531,1419.538519531,1.607831854234e+00,26
1419543500.000,1419.543500000,1.802336579113e+00,25
1419548480.469,1419.548480469,1.691694305462e+00,26
1419553460.938,1419.553460938,1.678197202497e+00,25
1419558441.406,1419.558441406,1.885567172427e+00,26
1419563519.531,1419.563519531,1.711054863701e+00,26
1419568500.000,1419.568500000,1.640863290962e+00,25
1419573480.469,1419.573480469,1.808598485764e+00,26
1419578460.938,1419.578460938,1.681223440186e+00,25
1419583441.406,1419.583441406,1.631976101319e+00,26
1419588519.531,1419.588519531,1.829590912446e+00,26
1419593500.000,1419.593500000,1.744828530201e+00,25
1419598480.469,1419.598480469,1.702021384912e+00,26
1419603460.938,1419.603460938,1.831614498121e+00,25
1419608441.406,1419.608441406,1.775805943551e+00,26
1419613519.531,1419.613519531,1.600695304190e+00,26
1419618500.000,1419.618500000,1.748893361070e+00,25
1419623480.469,1419.623480469,1.633951112731e+00,26
1419628460.938,1419.628460938,1.656158277055e+00,25
1419633441.406,1419.633441406,1.807882792772e+00,26
1419638519.531,1419.638519531,1.696048067434e+00,26
1419643500.000,1419.643500000,1.697256757844e+00,25
1419648480.469,1419.648480469,1.839734647899e+00,26
1419653460.938,1419.653460938,1.719279906111e+00,25
1419658441.406,1419.658441406,1.653849935701e+00,26
1419663519.531,1419.663519531,1.825890443431e+00,26
1419668500.000,1419.668500000,1.714710116745e+00,25
1419673480.469,1419.673480469,1.638912600441e+00,26
1419678460.938,1419.678460938,1.831791324513e+00,25
1419683441.406,1419.683441406,1.782270296691e+00,26
1419688519.531,1419.688519531,1.679071582259e+00,26
1419693500.000,1419.693500000,1.834391883067e+00,25
1419698480.469,1419.698480469,1.770717186560e+00,26
1419703460.938,1419.703460938,1.571577458258e+00,25
1419708441.406,1419.708441406,1.725432244360e+00,26
1419713519.531,1419.713519531,1.642878607095e+00,26
1419718500.000,1419.718500000,1.641145051501e+00,25
1419723480.469,1419.723480469,1.790035010761e+00,26
1419728460.938,1419.728460938,1.674837648673e+00,25
1419733441.406,1419.733441406,1.644726379900e+00,26
1419738519.531,1419.738519531,1.842350556144e+00,26
1419743500.000,1419.743500000,1.709759559250e+00,25
1419748480.469,1419.748480469,1.685785776158e+00,26
1419753460.938,1419.753460938,1.834761680044e+00,25
1419758441.406,1419.758441406,1.710651003362e+00,26
1419763519.531,1419.763519531,1.661689440063e+00,26
1419768500.000,1419.768500000,1.841687739573e+00,25
1419773480.469,1419.773480469,1.738477831727e+00,26
1419778460.938,1419.778460938,1.643018100326e+00,25
1419783441.406,1419.783441406,1.835927347481e+00,26
1419788519.531,1419.788519531,1.683213420483e+00,26
1419793500.000,1419.793500000,1.615616644657e+00,25
1419798480.469,1419.798480469,1.780820093804e+00,26
1419803460.938,1419.803460938,1.653693677871e+00,25
1419808441.406,1419.808441406,1.629555281349e+00,26
1419813519.531,1419.813519531,1.866115400968e+00,26
1419818500.000,1419.818500000,1.752183578386e+00,25
1419823480.469,1419.823480469,1.677315361258e+00,26
1419828460.938,1419.828460938,1.884586018720e+00,25
1419833441.406,1419.833441406,1.759764254615e+00,26
1419838519.531,1419.838519531,1.683246633120e+00,26
1419843500.000,1419.843500000,1.861674267836e+00,25
1419848480.469,1419.848480469,1.755491749877e+00,26
1419853460.938,1419.853460938,1.659174293784e+00,25
1419858441.406,1419.858441406,1.869094922375e+00,26
1419863519.531,1419.863519531,1.735290383947e+00,26
1419868500.000,1419.868500000,1.719821586005e+00,25
1419873480.469,1419.873480469,1.850838934766e+00,26
1419878460.938,1419.878460938,1.793303924429e+00,25
1419883441.406,1419.883441406,1.634342413731e+00,26
1419888519.531,1419.888519531,1.791795693710e+00,26
1419893500.000,1419.893500000,1.665888055879e+00,25
1419898480.469,1419.898480469,1.644158381430e+00,26
1419903460.938,1419.903460938,1.847116695908e+00,25
1419908441.406,1419.908441406,1.719973039713e+00,26
1419913519.531,1419.913519531,1.709219833900e+00,26
1419918500.000,1419.918500000,1.878675327978e+00,25
1419923480.469,1419.923480469,1.831553185482e+00,26
1419928460.938,1419.928460938,1.719294959003e+00,25
1419933441.406,1419.933441406,1.859472937338e+00,26
1419938519.531,1419.938519531,1.774398792288e+00,26
1419943500.000,1419.943500000,1.741668488618e+00,25
1419948480.469,1419.948480469,1.872423709028e+00,26
1419953460.938,1419.953460938,1.755047278105e+00,25
1419958441.406,1419.958441406,1.695500303143e+00,26
1419963519.531,1419.963519531,1.871784019988e+00,26
1419968500.000,1419.968500000,1.773100614371e+00,25
1419973480.469,1419.973480469,1.645871074909e+00,26
1419978460.938,1419.978460938,1.799259753241e+00,25
1419983441.406,1419.983441406,1.721170149253e+00,26
1419988519.531,1419.988519531,1.726634190487e+00,26
1419993500.000,1419.993500000,1.844299638437e+00,25
1419998480.469,1419.998480469,1.712166493789e+00,26
1420003460.938,1420.003460938,1.773466531756e+00,25
1420008441.406,1420.008441406,2.102570547879e+00,26
1420013519.531,1420.013519531,1.963473162143e+00,26
1420018500.000,1420.018500000,1.857616107903e+00,25
1420023480.469,1420.023480469,2.047349765230e+00,26
1420028460.938,1420.028460938,1.936463571827e+00,25
1420033441.406,1420.033441406,1.855495979884e+00,26
1420038519.531,1420.038519531,2.032511485032e+00,26
1420043500.000,1420.043500000,1.889608526371e+00,25
1420048480.469,1420.048480469,1.813627733345e+00,26
1420053460.938,1420.053460938,2.080058866393e+00,25
1420058441.406,1420.058441406,1.940114340252e+00,26
1420063519.531,1420.063519531,1.770515090891e+00,26
1420068500.000,1420.068500000,1.947464290689e+00,25
1420073480.469,1420.073480469,1.795288089696e+00,26
1420078460.938,1420.078460938,1.763269538201e+00,25
1420083441.406,1420.083441406,1.969885656393e+00,26
1420088519.531,1420.088519531,1.801775046745e+00,26
1420093500.000,1420.093500000,1.771375473107e+00,25
1420098480.469,1420.098480469,1.970464060027e+00,26
1420103460.938,1420.103460938,1.846969092905e+00,25
1420108441.406,1420.108441406,1.753521056578e+00,26
1420113519.531,1420.113519531,1.979826586498e+00,26
1420118500.000,1420.118500000,1.843028278574e+00,25
1420123480.469,1420.123480469,1.761367507642e+00,26
1420128460.938,1420.128460938,1.975660158814e+00,25
1420133441.406,1420.133441406,1.815478785609e+00,26
1420138519.531,1420.138519531,1.787184694142e+00,26
1420143500.000,1420.143500000,2.002468861803e+00,25
1420148480.469,1420.148480469,1.816697278042e+00,26
1420153460.938,1420.153460938,1.716596619654e+00,25
1420158441.406,1420.158441406,1.914181311691e+00,26
1420163519.531,1420.163519531,1.785336332938e+00,26
1420168500.000,1420.168500000,1.730743912651e+00,25
1420173480.469,1420.173480469,1.903210997447e+00,26
1420178460.938,1420.178460938,1.760697854038e+00,25
1420183441.406,1420.183441406,1.738996284526e+00,26
1420188519.531,1420.188519531,1.997094025512e+00,26
1420193500.000,1420.193500000,1.876711061157e+00,25
1420198480.469,1420.198480469,1.808194334356e+00,26
1420203460.938,1420.203460938,1.972286525757e+00,25
1420208441.406,1420.208441406,1.875105517171e+00,26
1420213519.531,1420.213519531,1.784420584318e+00,26
1420218500.000,1420.218500000,1.968388785509e+00,25
1420223480.469,1420.223480469,1.796750262200e+00,26
1420228460.938,1420.228460938,1.809414282193e+00,25
1420233441.406,1420.233441406,1.974833191375e+00,26
1420238519.531,1420.238519531,1.780418765281e+00,26
1420243500.000,1420.243500000,1.716346724796e+00,25
1420248480.469,1420.248480469,1.873754900431e+00,26
1420253460.938,1420.253460938,1.779347883703e+00,25
1420258441.406,1420.258441406,1.779701178869e+00,26
1420263519.531,1420.263519531,1.924652770983e+00,26
1420268500.000,1420.268500000,1.802063461285e+00,25
1420273480.469,1420.273480469,1.773803283446e+00,26
1420278460.938,1420.278460938,2.031483332659e+00,25
1420283441.406,1420.283441406,1.817504603747e+00,26
1420288519.531,1420.288519531,1.753696692453e+00,26
1420293500.000,1420.293500000,1.989409164211e+00,25
1420298480.469,1420.298480469,1.864308140939e+00,26
1420303460.938,1420.303460938,1.795228197703e+00,25
1420308441.406,1420.308441406,1.968495683691e+00,26
1420313519.531,1420.313519531,1.843910550130e+00,26
1420318500.000,1420.318500000,1.760903452632e+00,25
1420323480.469,1420.323480469,2.020693427471e+00,26
1420328460.938,1420.328460938,1.841860623020e+00,25
1420333441.406,1420.333441406,1.740675106362e+00,26
1420338519.531,1420.338519531,1.917830392462e+00,26
1420343500.000,1420.343500000,1.814074072445e+00,25
1420348480.469,1420.348480469,1.752379221781e+00,26
1420353460.938,1420.353460938,1.964668281224e+00,25
1420358441.406,1420.358441406,1.856423715936e+00,26
1420363519.531,1420.363519531,1.722884297633e+00,26
1420368500.000,1420.368500000,1.969234440840e+00,25
1420373480.469,1420.373480469,1.868552205253e+00,26
1420378460.938,1420.378460938,1.791460552110e+00,25
1420383441.406,1420.383441406,2.033029645598e+00,26
1420388519.531,1420.388519531,1.893725096325e+00,26
1420393500.000,1420.393500000,1.826532580017e+00,25
1420398480.469,1420.398480469,2.016580597755e+00,26
1420403460.938,1420.403460938,1.899486494117e+00,25
1420408441.406,1420.408441406,1.783755535168e+00,26
1420413519.531,1420.413519531,1.959111704397e+00,26
1420418500.000,1420.418500000,1.814422979857e+00,25
1420423480.469,1420.423480469,1.766658570983e+00,26
1420428460.938,1420.428460938,1.940055249205e+00,25
1420433441.406,1420.433441406,1.831253266671e+00,26
1420438519.531,1420.438519531,1.828246909040e+00,26
1420443500.000,1420.443500000,2.039034088859e+00,25
1420448480.469,1420.448480469,1.846825519767e+00,26
1420453460.938,1420.453460938,1.832797419675e+00,25
1420458441.406,1420.458441406,2.164928079124e+00,26
1420463519.531,1420.463519531,1.974690024074e+00,26
1420468500.000,1420.468500000,1.851328483601e+00,25
1420473480.469,1420.473480469,2.040049620074e+00,26
1420478460.938,1420.478460938,1.873936829049e+00,25
1420483441.406,1420.483441406,1.834626614004e+00,26
1420488519.531,1420.488519531,2.034133975671e+00,26
1420493500.000,1420.493500000,1.906794034929e+00,25
1420498480.469,1420.498480469,1.889097813698e+00,26
1420503460.938,1420.503460938,2.156812539927e+00,25
1420508441.406,1420.508441406,2.018302802587e+00,26
1420513519.531,1420.513519531,1.789291177378e+00,26
1420518500.000,1420.518500000,1.997068266256e+00,25
1420523480.469,1420.523480469,1.809651576833e+00,26
1420528460.938,1420.528460938,1.757621191456e+00,25
1420533441.406,1420.533441406,2.007734265527e+00,26
1420538519.531,1420.538519531,1.881652198737e+00,26
1420543500.000,1420.543500000,1.878712714744e+00,25
1420548480.469,1420.548480469,2.108722779181e+00,26
1420553460.938,1420.553460938,1.995660745478e+00,25
1420558441.406,1420.558441406,1.848231237553e+00,26
1420563519.531,1420.563519531,2.046698480773e+00,26
1420568500.000,1420.568500000,1.888174688301e+00,25
1420573480.469,1420.573480469,1.869599479227e+00,26
1420578460.938,1420.578460938,2.092616230420e+00,25
1420583441.406,1420.583441406,1.962855076064e+00,26
1420588519.531,1420.588519531,1.886474812666e+00,26
1420593500.000,1420.593500000,2.084668338872e+00,25
1420598480.469,1420.598480469,1.955971555289e+00,26
1420603460.938,1420.603460938,1.864587172013e+00,25
1420608441.406,1420.608441406,1.968086447217e+00,26
1420613519.531,1420.613519531,1.800394262614e+00,26
1420618500.000,1420.618500000,1.806828059041e+00,25
1420623480.469,1420.623480469,2.049782699463e+00,26
1420628460.938,1420.628460938,1.921903428241e+00,25
1420633441.406,1420.633441406,1.865036538210e+00,26
1420638519.531,1420.638519531,2.053001219208e+00,26
1420643500.000,1420.643500000,1.996325590895e+00,25
1420648480.469,1420.648480469,1.865244918943e+00,26
1420653460.938,1420.653460938,2.075821928640e+00,25
1420658441.406,1420.658441406,1.916880951782e+00,26
1420663519.531,1420.663519531,1.859209634523e+00,26
1420668500.000,1420.668500000,2.089717110211e+00,25
1420673480.469,1420.673480469,1.921313877955e+00,26
1420678460.938,1420.678460938,1.905457670574e+00,25
1420683441.406,1420.683441406,2.104343719152e+00,26
1420688519.531,1420.688519531,1.970568337881e+00,26
1420693500.000,1420.693500000,1.863568331686e+00,25
1420698480.469,1420.698480469,2.035419413216e+00,26
1420703460.938,1420.703460938,1.910835290488e+00,25
1420708441.406,1420.708441406,1.852439259713e+00,26
1420713519.531,1420.713519531,2.012869289314e+00,26
1420718500.000,1420.718500000,1.871946939129e+00,25
1420723480.469,1420.723480469,1.896504549266e+00,26
1420728460.938,1420.728460938,2.150367102976e+00,25
1420733441.406,1420.733441406,1.969623705414e+00,26
1420738519.531,1420.738519531,1.973445833581e+00,26
1420743500.000,1420.743500000,2.084438257226e+00,25
1420748480.469,1420.748480469,1.936411382447e+00,26
1420753460.938,1420.753460938,1.859978741487e+00,25
1420758441.406,1420.758441406,2.107624234995e+00,26
1420763519.531,1420.763519531,1.936851811475e+00,26
1420768500.000,1420.768500000,1.900931705621e+00,25
1420773480.469,1420.773480469,2.105859085154e+00,26
1420778460.938,1420.778460938,1.919013146008e+00,25
1420783441.406,1420.783441406,1.839075118984e+00,26
1420788519.531,1420.788519531,1.996262221941e+00,26
1420793500.000,1420.793500000,1.884484033906e+00,25
1420798480.469,1420.798480469,1.786327525731e+00,26
1420803460.938,1420.803460938,2.037035635426e+00,25
1420808441.406,1420.808441406,2.091625892786e+00,26
1420813519.531,1420.813519531,1.980529833420e+00,26
1420818500.000,1420.818500000,2.215214726025e+00,25
1420823480.469,1420.823480469,2.043715262452e+00,26
1420828460.938,1420.828460938,1.991700527417e+00,25
1420833441.406,1420.833441406,2.236779911087e+00,26
1420838519.531,1420.838519531,2.097653740184e+00,26
1420843500.000,1420.843500000,2.006392170195e+00,25
1420848480.469,1420.848480469,2.189087093932e+00,26
1420853460.938,1420.853460938,2.057976204393e+00,25
1420858441.406,1420.858441406,1.919520506544e+00,26
1420863519.531,1420.863519531,2.146258872524e+00,26
1420868500.000,1420.868500000,2.003319762004e+00,25
1420873480.469,1420.873480469,1.913570431888e+00,26
1420878460.938,1420.878460938,2.115340100647e+00,25
1420883441.406,1420.883441406,1.930189171680e+00,26
1420888519.531,1420.888519531,1.849316596412e+00,26
1420893500.000,1420.893500000,2.063135359534e+00,25
1420898480.469,1420.898480469,1.998620538682e+00,26
1420903460.938,1420.903460938,1.881927697769e+00,25
1420908441.406,1420.908441406,2.102713288283e+00,26
1420913519.531,1420.913519531,2.003394769362e+00,26
1420918500.000,1420.918500000,1.919281064948e+00,25
1420923480.469,1420.923480469,2.275378954642e+00,26
1420928460.938,1420.928460938,2.069490567509e+00,25
1420933441.406,1420.933441406,1.946245358956e+00,26
1420938519.531,1420.938519531,2.124667896204e+00,26
1420943500.000,1420.943500000,1.973353312068e+00,25
1420948480.469,1420.948480469,1.926153221491e+00,26
1420953460.938,1420.953460938,2.082100550756e+00,25
1420958441.406,1420.958441406,1.930291795390e+00,26
1420963519.531,1420.963519531,1.897954098630e+00,26
1420968500.000,1420.968500000,2.118007680800e+00,25
1420973480.469,1420.973480469,2.009291545560e+00,26
1420978460.938,1420.978460938,1.921043364085e+00,25
1420983441.406,1420.983441406,2.097502253676e+00,26
1420988519.531,1420.988519531,1.963028849991e+00,26
1420993500.000,1420.993500000,1.947102026899e+00,25
1420998480.469,1420.998480469,2.166293351165e+00,26
1421003460.938,1421.003460938,2.024907915928e+00,25
1421008441.406,1421.008441406,2.003559878065e+00,26
1421013519.531,1421.013519531,2.231842722948e+00,26
1421018500.000,1421.018500000,2.135286739570e+00,25
1421023480.469,1421.023480469,1.978975402609e+00,26
1421028460.938,1421.028460938,2.223658116149e+00,25
1421033441.406,1421.033441406,2.070366014292e+00,26
1421038519.531,1421.038519531,1.947739891141e+00,26
1421043500.000,1421.043500000,2.141073021980e+00,25
1421048480.469,1421.048480469,2.105814157849e+00,26
1421053460.938,1421.053460938,1.917797413859e+00,25
1421058441.406,1421.058441406,2.107150439217e+00,26
1421063519.531,1421.063519531,1.960680079933e+00,26
1421068500.000,1421.068500000,1.906545851616e+00,25
1421073480.469,1421.073480469,2.140306499780e+00,26
1421078460.938,1421.078460938,2.047833182400e+00,25
1421083441.406,1421.083441406,1.974096655723e+00,26
1421088519.531,1421.088519531,2.111469330654e+00,26
1421093500.000,1421.093500000,2.044625179367e+00,25
1421098480.469,1421.098480469,1.957265868135e+00,26
1421103460.938,1421.103460938,2.207983283183e+00,25
1421108441.406,1421.108441406,2.058611159523e+00,26
1421113519.531,1421.113519531,1.986940467959e+00,26
1421118500.000,1421.118500000,2.218917457006e+00,25
1421123480.469,1421.123480469,2.066900207386e+00,26
1421128460.938,1421.128460938,1.984844495624e+00,25
1421133441.406,1421.133441406,2.279355764952e+00,26
1421138519.531,1421.138519531,2.014088243896e+00,26
1421143500.000,1421.143500000,1.952261510425e+00,25
1421148480.469,1421.148480469,2.221192187811e+00,26
1421153460.938,1421.153460938,2.055046343591e+00,25
1421158441.406,1421.158441406,1.908273061076e+00,26
1421163519.531,1421.163519531,2.133761392591e+00,26
1421168500.000,1421.168500000,2.035674657150e+00,25
1421173480.469,1421.173480469,1.946539663221e+00,26
1421178460.938,1421.178460938,2.275154835715e+00,25
1421183441.406,1421.183441406,2.078382959838e+00,26
1421188519.531,1421.188519531,1.978866260021e+00,26
1421193500.000,1421.193500000,2.262403942615e+00,25
1421198480.469,1421.198480469,2.124243312867e+00,26
1421203460.938,1421.203460938,1.988323120313e+00,25
1421208441.406,1421.208441406,2.227190399136e+00,26
1421213519.531,1421.213519531,2.060904104304e+00,26
1421218500.000,1421.218500000,1.995808144680e+00,25
1421223480.469,1421.223480469,2.212546153487e+00,26
1421228460.938,1421.228460938,2.057458958650e+00,25
1421233441.406,1421.233441406,1.933762632117e+00,26
1421238519.531,1421.238519531,2.157759758095e+00,26
1421243500.000,1421.243500000,1.999054478783e+00,25
1421248480.469,1421.248480469,1.975499512962e+00,26
1421253460.938,1421.253460938,2.175886600776e+00,25
1421258441.406,1421.258441406,2.024372235505e+00,26
1421263519.531,1421.263519531,1.960262624424e+00,26
1421268500.000,1421.268500000,2.300732856852e+00,25
1421273480.469,1421.273480469,2.054974409869e+00,26
1421278460.938,1421.278460938,2.031299590944e+00,25
1421283441.406,1421.283441406,2.284705451434e+00,26
1421288519.531,1421.288519531,2.087870326945e+00,26
1421293500.000,1421.293500000,2.000360822796e+00,25
1421298480.469,1421.298480469,2.250924731260e+00,26
1421303460.938,1421.303460938,2.111745818843e+00,25
1421308441.406,1421.308441406,2.131348615369e+00,26
1421313519.531,1421.313519531,2.326878095821e+00,26
1421318500.000,1421.318500000,2.081175677331e+00,25
1421323480.469,1421.323480469,1.934732223548e+00,26
1421328460.938,1421.328460938,2.186357270037e+00,25
1421333441.406,1421.333441406,2.014824607686e+00,26
1421338519.531,1421.338519531,1.998425057840e+00,26
1421343500.000,1421.343500000,2.195481912898e+00,25
1421348480.469,1421.348480469,2.041403215042e+00,26
1421353460.938,1421.353460938,2.109636659928e+00,25
1421358441.406,1421.358441406,2.412104744134e+00,26
1421363519.531,1421.363519531,2.199078476784e+00,26
1421368500.000,1421.368500000,2.023125427105e+00,25
1421373480.469,1421.373480469,2.273515690774e+00,26
1421378460.938,1421.378460938,2.124434524581e+00,25
1421383441.406,1421.383441406,2.063248224827e+00,26
1421388519.531,1421.388519531,2.348979855647e+00,26
1421393500.000,1421.393500000,2.177725907953e+00,25
1421398480.469,1421.398480469,2.065079418738e+00,26
1421403460.938,1421.403460938,2.336283864488e+00,25
1421408441.406,1421.408441406,2.174929145768e+00,26
1421413519.531,1421.413519531,2.019386550197e+00,26
1421418500.000,1421.418500000,2.219941239012e+00,25
1421423480.469,1421.423480469,2.034989097096e+00,26
1421428460.938,1421.428460938,1.970935209150e+00,25
1421433441.406,1421.433441406,2.192071911843e+00,26
1421438519.531,1421.438519531,2.018973935000e+00,26
1421443500.000,1421.443500000,1.963766544230e+00,25
1421448480.469,1421.448480469,2.259928197187e+00,26
1421453460.938,1421.453460938,2.131528454202e+00,25
1421458441.406,1421.458441406,2.034657899735e+00,26
1421463519.531,1421.463519531,2.281609989931e+00,26
1421468500.000,1421.468500000,2.108968447636e+00,25
1421473480.469,1421.473480469,2.101531951577e+00,26
1421478460.938,1421.478460938,2.311173759322e+00,25
1421483441.406,1421.483441406,2.134455287304e+00,26
1421488519.531,1421.488519531,2.050879277256e+00,26
1421493500.000,1421.493500000,2.275385944874e+00,25
1421498480.469,1421.498480469,2.100532323637e+00,26
1421503460.938,1421.503460938,2.029470540851e+00,25
1421508441.406,1421.508441406,2.317479511511e+00,26
1421513519.531,1421.513519531,2.072895891229e+00,26
1421518500.000,1421.518500000,1.992199546545e+00,25
1421523480.469,1421.523480469,2.210819439954e+00,26
1421528460.938,1421.528460938,2.073672390005e+00,25
1421533441.406,1421.533441406,2.054751732706e+00,26
1421538519.531,1421.538519531,2.291253059904e+00,26
1421543500.000,1421.543500000,2.075665061592e+00,25
1421548480.469,1421.548480469,2.046328533653e+00,26
1421553460.938,1421.553460938,2.376225830309e+00,25
1421558441.406,1421.558441406,2.139536742667e+00,26
1421563519.531,1421.563519531,2.058090959630e+00,26
1421568500.000,1421.568500000,2.265539073194e+00,25
1421573480.469,1421.573480469,2.089397518847e+00,26
1421578460.938,1421.578460938,2.052672376460e+00,25
1421583441.406,1421.583441406,2.311875250241e+00,26
1421588519.531,1421.588519531,2.040191426525e+00,26
1421593500.000,1421.593500000,2.024994870008e+00,25
1421598480.469,1421.598480469,2.255775276772e+00,26
1421603460.938,1421.603460938,2.157670614964e+00,25
1421608493.107,1421.608493107,2.045175008849e+00,17
1421613467.831,1421.613467831,2.265566292741e+00,17
1421618454.044,1421.618454044,2.114642377256e+00,17
1421623428.768,1421.623428768,2.060164042614e+00,17
1421628414.982,1421.628414982,2.303399112116e+00,17
1421633389.706,1421.633389706,2.180070568377e+00,17
1421638519.531,1421.638519531,2.126052057221e+00,18
1421643500.000,1421.643500000,2.394942429854e+00,16
1421648480.469,1421.648480469,2.197957201701e+00,18
1421653460.938,1421.653460938,2.172585178058e+00,16
1421658441.406,1421.658441406,2.381970753620e+00,18
1421663571.232,1421.663571232,2.163228396170e+00,17
1421668545.956,1421.668545956,2.102421685444e+00,17
1421673532.169,1421.673532169,2.386923401108e+00,17
1421678506.893,1421.678506893,2.277192976903e+00,17
1421683493.107,1421.683493107,2.049689392870e+00,17
1421688467.831,1421.688467831,2.302059213858e+00,17
1421693454.044,1421.693454044,2.114303203606e+00,17
1421698428.768,1421.698428768,2.027777221339e+00,17
1421703414.982,1421.703414982,2.297904873644e+00,17
1421708389.706,1421.708389706,2.139050739225e+00,17
1421713519.531,1421.713519531,2.065959375990e+00,18
1421718500.000,1421.718500000,2.257811219796e+00,16
1421723480.469,1421.723480469,2.250490599444e+00,18
1421728460.938,1421.728460937,2.144756895457e+00,16
1421733441.406,1421.733441406,2.392852561590e+00,18
1421738571.232,1421.738571232,2.290090877099e+00,17
1421743545.956,1421.743545956,2.140284315559e+00,17
1421748532.169,1421.748532169,2.389200625834e+00,17
1421753506.893,1421.753506893,2.262100913590e+00,17
1421758493.107,1421.758493107,2.226843188106e+00,17
1421763467.831,1421.763467831,2.444012831275e+00,17
1421768454.044,1421.768454044,2.167298846067e+00,17
1421773428.768,1421.773428768,2.188916226988e+00,17
1421778414.982,1421.778414982,2.399255430882e+00,17
1421783389.706,1421.783389706,2.184774708300e+00,17
1421788519.531,1421.788519531,2.077712921606e+00,18
1421793500.000,1421.793500000,2.336494822605e+00,16
1421798480.469,1421.798480469,2.185759556515e+00,18
1421803460.938,1421.803460937,2.154012603054e+00,16
1421808441.406,1421.808441406,2.518261122983e+00,18
1421813571.232,1421.813571232,2.220854500462e+00,17
1421818545.956,1421.818545956,2.193070706236e+00,17
1421823532.169,1421.823532169,2.396393262168e+00,17
1421828506.893,1421.828506893,2.236252461205e+00,17
1421833493.107,1421.833493107,2.209668699436e+00,17
1421838467.831,1421.838467831,2.455885295088e+00,17
1421843454.044,1421.843454044,2.307246054790e+00,17
1421848428.768,1421.848428768,2.096694578218e+00,17
1421853414.982,1421.853414982,2.408188897230e+00,17
1421858389.706,1421.858389706,2.243417080267e+00,17
1421863519.531,1421.863519531,2.048689774845e+00,18
1421868500.000,1421.868500000,2.267839250125e+00,16
1421873480.469,1421.873480469,2.199021963863e+00,18
1421878460.938,1421.878460937,2.110001610496e+00,16
1421883441.406,1421.883441406,2.381926641047e+00,18
1421888571.232,1421.888571232,2.184850167811e+00,17
1421893545.956,1421.893545956,2.113777993395e+00,17
1421898532.169,1421.898532169,2.459335563342e+00,17
1421903506.893,1421.903506893,2.188208124307e+00,17
1421908493.107,1421.908493107,2.192277438338e+00,17
1421913467.831,1421.913467831,2.401820857638e+00,17
1421918454.044,1421.918454044,2.224514931554e+00,17
1421923428.768,1421.923428768,2.197986616837e+00,17
1421928414.982,1421.928414982,2.455699892039e+00,17
1421933389.706,1421.933389706,2.289106340915e+00,17
1421938519.531,1421.938519531,2.141290894882e+00,18
1421943500.000,1421.943500000,2.413009400936e+00,16
1421948480.469,1421.948480469,2.201101763250e+00,18
1421953460.938,1421.953460938,2.170540041990e+00,16
1421958441.406,1421.958441406,2.353715573043e+00,18
1421963571.232,1421.963571232,2.151180198759e+00,17
1421968545.956,1421.968545956,2.112134978130e+00,17
1421973532.169,1421.973532169,2.444200340043e+00,17
1421978506.893,1421.978506893,2.220398138507e+00,17
1421983493.107,1421.983493107,2.114743165466e+00,17
1421988467.831,1421.988467831,2.383717065938e+00,17
1421993454.044,1421.993454044,2.225952849537e+00,17
1421998428.768,1421.998428768,2.251531478243e+00,17
1422003414.982,1422.003414982,2.565633312631e+00,17
1422008389.706,1422.008389706,2.305574391565e+00,17
1422013519.531,1422.013519531,2.184599726469e+00,18
1422018500.000,1422.018500000,2.512087628698e+00,16
1422023480.469,1422.023480469,2.319358972186e+00,18
1422028460.938,1422.028460938,2.220122813793e+00,16
1422033441.406,1422.033441406,2.459014191812e+00,18
1422038571.232,1422.038571232,2.359204958695e+00,17
1422043545.956,1422.043545956,2.275936176759e+00,17
1422048532.169,1422.048532169,2.544282965454e+00,17
1422053506.893,1422.053506893,2.366505799569e+00,17
1422058493.107,1422.058493107,2.200402652379e+00,17
1422063467.831,1422.063467831,2.460177379025e+00,17
1422068454.044,1422.068454044,2.316235165927e+00,17
1422073428.768,1422.073428768,2.196248810637e+00,17
1422078414.982,1422.078414982,2.512374874393e+00,17
1422083389.706,1422.083389706,2.260697532523e+00,17
1422088519.531,1422.088519531,2.270174786800e+00,18
1422093500.000,1422.093500000,2.538243188507e+00,16
1422098480.469,1422.098480469,2.367414379935e+00,18
1422103460.938,1422.103460937,2.263494617711e+00,16
1422108441.406,1422.108441406,2.535845937764e+00,18
1422113571.232,1422.113571232,2.344560397895e+00,17
1422118545.956,1422.118545956,2.219126055209e+00,17
1422123532.169,1422.123532169,2.544109276845e+00,17
1422128506.893,1422.128506893,2.301147958472e+00,17
1422133493.107,1422.133493107,2.168304520630e+00,17
1422138467.831,1422.138467831,2.399995847418e+00,17
1422143454.044,1422.143454044,2.299632739385e+00,17
1422148428.768,1422.148428768,2.177129046750e+00,17
1422153414.982,1422.153414982,2.445382978754e+00,17
1422158389.706,1422.158389706,2.270100941465e+00,17
1422163519.531,1422.163519531,2.198424785707e+00,18
1422168500.000,1422.168500000,2.445331708100e+00,16
1422173480.469,1422.173480469,2.262839645270e+00,18
1422178460.938,1422.178460937,2.217741249546e+00,16
1422183441.406,1422.183441406,2.473521925970e+00,18
1422188571.232,1422.188571232,2.437138460454e+00,17
1422193545.956,1422.193545956,2.292081873681e+00,17
1422198532.169,1422.198532169,2.593110322119e+00,17
1422203506.893,1422.203506893,2.378909672468e+00,17
1422208493.107,1422.208493107,2.254667945722e+00,17
1422213467.831,1422.213467831,2.558649405014e+00,17
1422218454.044,1422.218454044,2.369962849496e+00,17
1422223428.768,1422.223428768,2.267092639211e+00,17
1422228414.982,1422.228414982,2.561914705113e+00,17
1422233389.706,1422.233389706,2.358927101755e+00,17
1422238519.531,1422.238519531,2.227468905677e+00,18
1422243500.000,1422.243500000,2.468216022748e+00,16
1422248480.469,1422.248480469,2.291790621424e+00,18
1422253460.938,1422.253460937,2.259435820162e+00,16
1422258441.406,1422.258441406,2.554237328562e+00,18
1422263571.232,1422.263571232,2.370885143902e+00,17
1422268545.956,1422.268545956,2.261091130761e+00,17
1422273532.169,1422.273532169,2.613897236177e+00,17
1422278506.893,1422.278506893,2.381999362666e+00,17
1422283493.107,1422.283493107,2.250533281775e+00,17
1422288467.831,1422.288467831,2.546913663790e+00,17
1422293454.044,1422.293454044,2.360930756114e+00,17
1422298428.768,1422.298428768,2.238012829259e+00,17
1422303414.982,1422.303414982,2.534297008881e+00,17
1422308389.706,1422.308389706,2.447183372648e+00,17
1422313519.531,1422.313519531,2.288170883980e+00,18
1422318500.000,1422.318500000,2.537343248056e+00,16
1422323480.469,1422.323480469,2.287795496554e+00,18
1422328460.938,1422.328460938,2.132197172350e+00,16
1422333441.406,1422.333441406,2.433175246464e+00,18
1422338571.232,1422.338571232,2.232504902213e+00,17
1422343545.956,1422.343545956,2.199566995065e+00,17
1422348532.169,1422.348532169,2.473320571924e+00,17
1422353506.893,1422.353506893,2.318663879391e+00,17
1422358493.107,1422.358493107,2.223098025570e+00,17
1422363467.831,1422.363467831,2.570187880986e+00,17
1422368454.044,1422.368454044,2.282227365143e+00,17
1422373428.768,1422.373428768,2.228550701932e+00,17
1422378414.982,1422.378414982,2.566700140625e+00,17
1422383389.706,1422.383389706,2.355988374139e+00,17
1422388519.531,1422.388519531,2.238332268816e+00,18
1422393500.000,1422.393500000,2.451215749048e+00,16
1422398480.469,1422.398480469,2.278180090606e+00,18
1422403460.938,1422.403460938,2.226564904315e+00,16
1422408539.062,1422.408539062,2.581750495956e+00,9
1422413519.531,1422.413519531,2.316160833404e+00,8
1422418500.000,1422.418500000,2.253216601987e+00,9
1422423480.469,1422.423480469,2.589354188483e+00,8
1422428460.938,1422.428460938,2.414761812412e+00,9
1422433441.406,1422.433441406,2.271921952700e+00,8
1422438421.875,1422.438421875,2.540142491500e+00,9
1422443402.344,1422.443402344,2.424371484001e+00,8
1422448382.812,1422.448382812,2.372712483546e+00,9
1422453363.281,1422.453363281,2.712814241385e+00,8
1422458343.750,1422.458343750,2.489759117471e+00,9
1422463617.188,1422.463617188,2.388018945908e+00,9
1422468597.656,1422.468597656,2.592926556747e+00,8
1422473578.125,1422.473578125,2.443460004825e+00,9
1422478558.594,1422.478558594,2.371065262610e+00,8
1422483539.062,1422.483539062,2.623594410692e+00,9
1422488519.531,1422.488519531,2.438594423820e+00,8
1422493500.000,1422.493500000,2.318044542867e+00,9
1422498480.469,1422.498480469,2.779720523457e+00,8
1422503460.938,1422.503460938,2.382963741924e+00,9
1422508441.406,1422.508441406,2.298842395695e+00,8
1422513421.875,1422.513421875,2.486683460537e+00,9
1422518402.344,1422.518402344,2.359414450745e+00,8
1422523382.812,1422.523382812,2.298429901489e+00,9
1422528363.281,1422.528363281,2.620633256744e+00,8
1422533343.750,1422.533343750,2.427063407521e+00,9
1422538617.188,1422.538617188,2.294329468275e+00,9
1422543597.656,1422.543597656,2.621820305980e+00,8
1422548578.125,1422.548578125,2.497470093317e+00,9
1422553558.594,1422.553558594,2.360201716759e+00,8
1422558539.062,1422.558539062,2.661888732361e+00,9
1422563519.531,1422.563519531,2.453084748046e+00,8
1422568500.000,1422.568500000,2.318401468416e+00,9
1422573480.469,1422.573480469,2.583336133122e+00,8
1422578460.938,1422.578460938,2.418497957953e+00,9
1422583441.406,1422.583441406,2.291286733966e+00,8
1422588421.875,1422.588421875,2.587032523121e+00,9
1422593402.344,1422.593402344,2.430797360124e+00,8
1422598382.812,1422.598382812,2.278339005950e+00,9
1422603363.281,1422.603363281,2.606428818337e+00,8
1422608343.750,1422.608343750,2.445315021878e+00,9
1422613617.188,1422.613617188,2.283552631425e+00,9
1422618597.656,1422.618597656,2.573321578113e+00,8
1422623578.125,1422.623578125,2.330880121567e+00,9
1422628558.594,1422.628558594,2.340826768323e+00,8
1422633539.062,1422.633539062,2.612683302208e+00,9
1422638519.531,1422.638519531,2.455910082349e+00,8
1422643500.000,1422.643500000,2.473869114495e+00,9
1422648480.469,1422.648480469,2.755075385915e+00,8
1422653460.938,1422.653460938,2.440532657299e+00,9
1422658441.406,1422.658441406,2.281166866432e+00,8
1422663421.875,1422.663421875,2.608529400980e+00,9
1422668402.344,1422.668402344,2.405367343123e+00,8
1422673382.812,1422.673382812,2.547316588235e+00,9
1422678363.281,1422.678363281,2.587948036453e+00,8
1422683343.750,1422.683343750,2.508526339961e+00,9
1422688617.188,1422.688617188,2.328485689424e+00,9
1422693597.656,1422.693597656,2.645971664133e+00,8
1422698578.125,1422.698578125,2.381690569894e+00,9
1422703558.594,1422.703558594,2.280934796061e+00,8
1422708539.062,1422.708539062,2.654642540789e+00,9
1422713519.531,1422.713519531,2.442420412253e+00,8
1422718500.000,1422.718500000,2.433388863429e+00,9
1422723480.469,1422.723480469,2.883316711103e+00,8
1422728460.938,1422.728460938,2.522102811101e+00,9
1422733441.406,1422.733441406,2.414564111974e+00,8
1422738421.875,1422.738421875,2.719627005156e+00,9
1422743402.344,1422.743402344,2.486881868752e+00,8
1422748382.812,1422.748382812,2.343656710252e+00,9
1422753363.281,1422.753363281,2.705345897812e+00,8
1422758343.750,1422.758343750,2.494866549167e+00,9
1422763617.188,1422.763617188,2.430784629335e+00,9
1422768597.656,1422.768597656,2.784408270281e+00,8
1422773578.125,1422.773578125,2.400146666042e+00,9
1422778558.594,1422.778558594,2.298913100728e+00,8
1422783539.062,1422.783539062,2.591680550427e+00,9
1422788519.531,1422.788519531,2.410506734828e+00,8
1422793500.000,1422.793500000,2.391021972670e+00,9
1422798480.469,1422.798480469,2.696406903217e+00,8
1422803460.938,1422.803460938,2.508449137297e+00,9
1422808441.406,1422.808441406,2.367513701858e+00,8
1422813421.875,1422.813421875,2.707013121119e+00,9
1422818402.344,1422.818402344,2.564148835741e+00,8
1422823382.812,1422.823382812,2.382314719794e+00,9
1422828363.281,1422.828363281,2.747600347077e+00,8
1422833343.750,1422.833343750,2.523410719438e+00,9
1422838617.188,1422.838617188,2.436578596887e+00,9
1422843597.656,1422.843597656,2.731582334948e+00,8
1422848578.125,1422.848578125,2.473965686909e+00,9
1422853558.594,1422.853558594,2.382586692115e+00,8
1422858539.062,1422.858539062,2.612193698996e+00,9
1422863519.531,1422.863519531,2.366329569476e+00,8
1422868500.000,1422.868500000,2.334138932033e+00,9
1422873480.469,1422.873480469,2.661720215380e+00,8
1422878460.938,1422.878460938,2.466696794393e+00,9
1422883441.406,1422.883441406,2.349145346738e+00,8
1422888421.875,1422.888421875,2.613154661426e+00,9
1422893402.344,1422.893402344,2.478352816908e+00,8
1422898382.812,1422.898382812,2.421814339774e+00,9
1422903363.281,1422.903363281,2.837618476777e+00,8
1422908343.750,1422.908343750,2.632203635314e+00,9
1422913617.188,1422.913617188,2.488374596167e+00,9
1422918597.656,1422.918597656,2.769608487417e+00,8
1422923578.125,1422.923578125,2.617596748838e+00,9
1422928558.594,1422.928558594,2.468225915279e+00,8
1422933539.062,1422.933539062,2.755658600263e+00,9
1422938519.531,1422.938519531,2.503563443291e+00,8
1422943500.000,1422.943500000,2.396582798901e+00,9
1422948480.469,1422.948480469,2.881289509940e+00,8
1422953460.938,1422.953460938,2.518658415830e+00,9
1422958441.406,1422.958441406,2.402819907198e+00,8
1422963421.875,1422.963421875,2.645933303089e+00,9
1422968402.344,1422.968402344,2.533867995923e+00,8
1422973382.812,1422.973382812,2.442631659762e+00,9
1422978363.281,1422.978363281,2.746939416831e+00,8
1422983343.750,1422.983343750,2.539249691274e+00,9
1422988617.188,1422.988617188,2.420762974918e+00,9
1422993597.656,1422.993597656,2.799072079075e+00,8
1422998578.125,1422.998578125,2.675950858820e+00,9
1423003558.594,1423.003558594,2.455500124837e+00,8
1423008539.062,1423.008539062,2.728538249130e+00,9
1423013519.531,1423.013519531,2.575550030096e+00,8
1423018500.000,1423.018500000,2.430759705615e+00,9
1423023480.469,1423.023480469,2.814859332847e+00,8
1423028460.938,1423.028460938,2.590534815095e+00,9
1423033441.406,1423.033441406,2.436663923655e+00,8
1423038421.875,1423.038421875,2.737785676618e+00,9
1423043402.344,1423.043402344,2.539207914241e+00,8
1423048382.812,1423.048382812,2.422827010637e+00,9
1423053363.281,1423.053363281,2.660472990942e+00,8
1423058343.750,1423.058343750,2.474212374206e+00,9
1423063617.188,1423.063617188,2.373482767785e+00,9
1423068597.656,1423.068597656,2.644250895891e+00,8
1423073578.125,1423.073578125,2.448460969808e+00,9
1423078558.594,1423.078558594,2.441024541883e+00,8
1423083539.062,1423.083539062,2.753128745710e+00,9
1423088519.531,1423.088519531,2.540033128588e+00,8
1423093500.000,1423.093500000,2.448679268349e+00,9
1423098480.469,1423.098480469,2.740825118741e+00,8
1423103460.938,1423.103460938,2.524956807805e+00,9
1423108441.406,1423.108441406,2.395709686655e+00,8
1423113421.875,1423.113421875,2.720017027836e+00,9
1423118402.344,1423.118402344,2.513540488155e+00,8
1423123382.812,1423.123382812,2.391339136950e+00,9
1423128363.281,1423.128363281,2.626448121320e+00,8
1423133343.750,1423.133343750,2.370688260324e+00,9
1423138617.188,1423.138617188,2.316941019839e+00,9
1423143597.656,1423.143597656,2.613791913902e+00,8
1423148578.125,1423.148578125,2.400466126627e+00,9
1423153558.594,1423.153558594,2.278816740510e+00,8
1423158539.062,1423.158539062,2.678431227094e+00,9
1423163519.531,1423.163519531,2.395431746793e+00,8
1423168500.000,1423.168500000,2.329482057485e+00,9
1423173480.469,1423.173480469,2.545702087987e+00,8
1423178460.938,1423.178460938,2.378710448307e+00,9
1423183441.406,1423.183441406,2.225838393805e+00,8
1423188421.875,1423.188421875,2.567187330392e+00,9
1423193402.344,1423.193402344,2.334771192792e+00,8
1423198382.812,1423.198382812,2.199547795076e+00,9
1423203363.281,1423.203363281,2.551313246483e+00,8
