# metadata_json,"{""task"":""analyze_sky_vs_50ohm"",""timestamp_utc"":""2026-06-17T00:33:11.509171+00:00"",""product"":""stitched_sky_over_50ohm"",""ratio"":""sky_psd_linear_per_hz / calibration_psd_linear_per_hz"",""stitch_method"":""mean ratio in uniform frequency bins"",""stitched_bin_width_hz"":5000.0,""center_freqs_hz"":[1418805800,1419605800,1420405800,1421205800,1422005800],""sky_data_dir"":""../data/commiss_21cm_data_061626"",""calibration_data_dir"":""../data/commiss_50ohm_data_061626"",""sky_scan_count"":25,""calibration_scan_count"":25}"
frequency_hz,frequency_mhz,sky_over_50ohm,n_points_averaged
1417608343.750,1417.608343750,1.506647557764e+00,9
1417613617.188,1417.613617188,1.400268930171e+00,9
1417618597.656,1417.618597656,1.359944496962e+00,8
1417623578.125,1417.623578125,1.453648796050e+00,9
1417628558.594,1417.628558594,1.395473579571e+00,8
1417633539.062,1417.633539062,1.340901516835e+00,9
1417638519.531,1417.638519531,1.407575979657e+00,8
1417643500.000,1417.643500000,1.353722843763e+00,9
1417648480.469,1417.648480469,1.338270082586e+00,8
1417653460.938,1417.653460938,1.453832359959e+00,9
1417658441.406,1417.658441406,1.381944503196e+00,8
1417663421.875,1417.663421875,1.319684632239e+00,9
1417668402.344,1417.668402344,1.379026318632e+00,8
1417673382.812,1417.673382812,1.313333755705e+00,9
1417678363.281,1417.678363281,1.295055765187e+00,8
1417683343.750,1417.683343750,1.373495999034e+00,9
1417688617.188,1417.688617188,1.309555145133e+00,9
1417693597.656,1417.693597656,1.293614690873e+00,8
1417698578.125,1417.698578125,1.385278736700e+00,9
1417703558.594,1417.703558594,1.326100195911e+00,8
1417708539.062,1417.708539062,1.271702875970e+00,9
1417713519.531,1417.713519531,1.342345395974e+00,8
1417718500.000,1417.718500000,1.278901529276e+00,9
1417723480.469,1417.723480469,1.248303154291e+00,8
1417728460.938,1417.728460938,1.306199986548e+00,9
1417733441.406,1417.733441406,1.269646076364e+00,8
1417738421.875,1417.738421875,1.278033633756e+00,9
1417743402.344,1417.743402344,1.404091684104e+00,8
1417748382.812,1417.748382812,1.317645973934e+00,9
1417753363.281,1417.753363281,1.297107068859e+00,8
1417758343.750,1417.758343750,1.350691246878e+00,9
1417763617.188,1417.763617188,1.296641421444e+00,9
1417768597.656,1417.768597656,1.284647370194e+00,8
1417773578.125,1417.773578125,1.336802484168e+00,9
1417778558.594,1417.778558594,1.300107334158e+00,8
1417783539.062,1417.783539062,1.264032684716e+00,9
1417788519.531,1417.788519531,1.368235359618e+00,8
1417793500.000,1417.793500000,1.341663376439e+00,9
1417798480.469,1417.798480469,1.308556223139e+00,8
1417803460.938,1417.803460938,1.452559156136e+00,9
1417808441.406,1417.808441406,1.333628533153e+00,8
1417813421.875,1417.813421875,1.253147255455e+00,9
1417818402.344,1417.818402344,1.329366064913e+00,8
1417823382.812,1417.823382812,1.254105469679e+00,9
1417828363.281,1417.828363281,1.295857663817e+00,8
1417833343.750,1417.833343750,1.385419994779e+00,9
1417838617.188,1417.838617188,1.275526832922e+00,9
1417843597.656,1417.843597656,1.270662051758e+00,8
1417848578.125,1417.848578125,1.366474289435e+00,9
1417853558.594,1417.853558594,1.331245600129e+00,8
1417858539.062,1417.858539062,1.270246664137e+00,9
1417863519.531,1417.863519531,1.356253616293e+00,8
1417868500.000,1417.868500000,1.295350934464e+00,9
1417873480.469,1417.873480469,1.273930640578e+00,8
1417878460.938,1417.878460938,1.388842997558e+00,9
1417883441.406,1417.883441406,1.320101876189e+00,8
1417888421.875,1417.888421875,1.282662028146e+00,9
1417893402.344,1417.893402344,1.383161651839e+00,8
1417898382.812,1417.898382812,1.282323875811e+00,9
1417903363.281,1417.903363281,1.250019677772e+00,8
1417908343.750,1417.908343750,1.318333108167e+00,9
1417913617.188,1417.913617188,1.274439124673e+00,9
1417918597.656,1417.918597656,1.296871552780e+00,8
1417923578.125,1417.923578125,1.399466634874e+00,9
1417928558.594,1417.928558594,1.329833058234e+00,8
1417933539.062,1417.933539062,1.273330720620e+00,9
1417938519.531,1417.938519531,1.402871811141e+00,8
1417943500.000,1417.943500000,1.286222595267e+00,9
1417948480.469,1417.948480469,1.275105775042e+00,8
1417953460.938,1417.953460938,1.344755770972e+00,9
1417958441.406,1417.958441406,1.288298885376e+00,8
1417963421.875,1417.963421875,1.288609862696e+00,9
1417968402.344,1417.968402344,1.406809198941e+00,8
1417973382.812,1417.973382812,1.308084773887e+00,9
1417978363.281,1417.978363281,1.278675148415e+00,8
1417983343.750,1417.983343750,1.410604533837e+00,9
1417988617.188,1417.988617188,1.284921354822e+00,9
1417993597.656,1417.993597656,1.233622272862e+00,8
1417998578.125,1417.998578125,1.308019472673e+00,9
1418003558.594,1418.003558594,1.272463800202e+00,8
1418008539.062,1418.008539062,1.275687110918e+00,9
1418013519.531,1418.013519531,1.386421318839e+00,8
1418018500.000,1418.018500000,1.309213040021e+00,9
1418023480.469,1418.023480469,1.233728349167e+00,8
1418028460.938,1418.028460938,1.333057201885e+00,9
1418033441.406,1418.033441406,1.290551144780e+00,8
1418038421.875,1418.038421875,1.264977174207e+00,9
1418043402.344,1418.043402344,1.349125799694e+00,8
1418048382.812,1418.048382812,1.278224680518e+00,9
1418053363.281,1418.053363281,1.253196558258e+00,8
1418058343.750,1418.058343750,1.356170953631e+00,9
1418063617.188,1418.063617188,1.292599364234e+00,9
1418068597.656,1418.068597656,1.272939461330e+00,8
1418073578.125,1418.073578125,1.357792986071e+00,9
1418078558.594,1418.078558594,1.309763210612e+00,8
1418083539.062,1418.083539062,1.236464657993e+00,9
1418088519.531,1418.088519531,1.311323877127e+00,8
1418093500.000,1418.093500000,1.252761852708e+00,9
1418098480.469,1418.098480469,1.270579054947e+00,8
1418103460.938,1418.103460938,1.368241327723e+00,9
1418108441.406,1418.108441406,1.285617152038e+00,8
1418113421.875,1418.113421875,1.268757361804e+00,9
1418118402.344,1418.118402344,1.350745973215e+00,8
1418123382.812,1418.123382812,1.295631999284e+00,9
1418128363.281,1418.128363281,1.274949277463e+00,8
1418133343.750,1418.133343750,1.344362387430e+00,9
1418138617.188,1418.138617188,1.282931317336e+00,9
1418143597.656,1418.143597656,1.259817772976e+00,8
1418148578.125,1418.148578125,1.359679591426e+00,9
1418153558.594,1418.153558594,1.307618407382e+00,8
1418158539.062,1418.158539062,1.266930021173e+00,9
1418163519.531,1418.163519531,1.390897507689e+00,8
1418168500.000,1418.168500000,1.304095604428e+00,9
1418173480.469,1418.173480469,1.238655687486e+00,8
1418178460.938,1418.178460938,1.316316605652e+00,9
1418183441.406,1418.183441406,1.255579575745e+00,8
1418188421.875,1418.188421875,1.268039455183e+00,9
1418193402.344,1418.193402344,1.383491781745e+00,8
1418198382.812,1418.198382812,1.283926400115e+00,9
1418203363.281,1418.203363281,1.237587053524e+00,8
1418208343.750,1418.208343750,1.320539338915e+00,9
1418213617.188,1418.213617188,1.280104318490e+00,9
1418218597.656,1418.218597656,1.276028736968e+00,8
1418223578.125,1418.223578125,1.347841585788e+00,9
1418228558.594,1418.228558594,1.256346709027e+00,8
1418233539.062,1418.233539062,1.284830200545e+00,9
1418238519.531,1418.238519531,1.375410361582e+00,8
1418243500.000,1418.243500000,1.288718424852e+00,9
1418248480.469,1418.248480469,1.263464869033e+00,8
1418253460.938,1418.253460938,1.366970705472e+00,9
1418258441.406,1418.258441406,1.322965865490e+00,8
1418263421.875,1418.263421875,1.238835253106e+00,9
1418268402.344,1418.268402344,1.300502702139e+00,8
1418273382.812,1418.273382812,1.248236782424e+00,9
1418278363.281,1418.278363281,1.258711599128e+00,8
1418283343.750,1418.283343750,1.368429096222e+00,9
1418288617.188,1418.288617188,1.295455199864e+00,9
1418293597.656,1418.293597656,1.251443881814e+00,8
1418298578.125,1418.298578125,1.321234895330e+00,9
1418303558.594,1418.303558594,1.281553893757e+00,8
1418308539.062,1418.308539062,1.270498321840e+00,9
1418313519.531,1418.313519531,1.365827933475e+00,8
1418318500.000,1418.318500000,1.271663505855e+00,9
1418323480.469,1418.323480469,1.265884382285e+00,8
1418328460.938,1418.328460938,1.365766058795e+00,9
1418333441.406,1418.333441406,1.299109019452e+00,8
1418338421.875,1418.338421875,1.268098403618e+00,9
1418343402.344,1418.343402344,1.333509446077e+00,8
1418348382.812,1418.348382812,1.283328778276e+00,9
1418353363.281,1418.353363281,1.234992934586e+00,8
1418358343.750,1418.358343750,1.310244723722e+00,9
1418363617.188,1418.363617188,1.249421787129e+00,9
1418368597.656,1418.368597656,1.257004921001e+00,8
1418373578.125,1418.373578125,1.352493346432e+00,9
1418378558.594,1418.378558594,1.278192907753e+00,8
1418383539.062,1418.383539062,1.275350407127e+00,9
1418388519.531,1418.388519531,1.326264249946e+00,8
1418393500.000,1418.393500000,1.310341886706e+00,9
1418398480.469,1418.398480469,1.240766292065e+00,8
1418403460.938,1418.403460938,1.329703583238e+00,9
1418408389.706,1418.408389706,1.589957732437e+00,17
1418413519.531,1418.413519531,1.537067766789e+00,18
1418418500.000,1418.418500000,1.672058039430e+00,16
1418423480.469,1418.423480469,1.564240970946e+00,18
1418428460.938,1418.428460937,1.570176023044e+00,16
1418433441.406,1418.433441406,1.678200160508e+00,18
1418438571.232,1418.438571232,1.535237691887e+00,17
1418443545.956,1418.443545956,1.507733315932e+00,17
1418448532.169,1418.448532169,1.569626462806e+00,17
1418453506.893,1418.453506893,1.498034424836e+00,17
1418458493.107,1418.458493107,1.466481612177e+00,17
1418463467.831,1418.463467831,1.633299041113e+00,17
1418468454.044,1418.468454044,1.520990870868e+00,17
1418473428.768,1418.473428768,1.509646125898e+00,17
1418478414.982,1418.478414982,1.604705527695e+00,17
1418483389.706,1418.483389706,1.501857965155e+00,17
1418488519.531,1418.488519531,1.460715505021e+00,18
1418493500.000,1418.493500000,1.559117087097e+00,16
1418498480.469,1418.498480469,1.501550599397e+00,18
1418503460.938,1418.503460937,1.441574401504e+00,16
1418508441.406,1418.508441406,1.579085639410e+00,18
1418513571.232,1418.513571232,1.477282771105e+00,17
1418518545.956,1418.518545956,1.447887631460e+00,17
1418523532.169,1418.523532169,1.599995624005e+00,17
1418528506.893,1418.528506893,1.509319851479e+00,17
1418533493.107,1418.533493107,1.375205955171e+00,17
1418538467.831,1418.538467831,1.524451703635e+00,17
1418543454.044,1418.543454044,1.434767459812e+00,17
1418548428.768,1418.548428768,1.443194068412e+00,17
1418553414.982,1418.553414982,1.564895225726e+00,17
1418558389.706,1418.558389706,1.492369231794e+00,17
1418563519.531,1418.563519531,1.434875986708e+00,18
1418568500.000,1418.568500000,1.588827709135e+00,16
1418573480.469,1418.573480469,1.462137377698e+00,18
1418578460.938,1418.578460938,1.422478945935e+00,16
1418583441.406,1418.583441406,1.532831639735e+00,18
1418588571.232,1418.588571232,1.429913067277e+00,17
1418593545.956,1418.593545956,1.431072100755e+00,17
1418598532.169,1418.598532169,1.546973671785e+00,17
1418603506.893,1418.603506893,1.474216858455e+00,17
1418608493.107,1418.608493107,1.426527821317e+00,17
1418613467.831,1418.613467831,1.642954286912e+00,17
1418618454.044,1418.618454044,1.502445002945e+00,17
1418623428.768,1418.623428768,1.396160478756e+00,17
1418628414.982,1418.628414982,1.480886561834e+00,17
1418633389.706,1418.633389706,1.430733239246e+00,17
1418638519.531,1418.638519531,1.408241601103e+00,18
1418643500.000,1418.643500000,1.586058503818e+00,16
1418648480.469,1418.648480469,1.488684116010e+00,18
1418653460.938,1418.653460938,1.477673881873e+00,16
1418658441.406,1418.658441406,1.595761807156e+00,18
1418663571.232,1418.663571232,1.460540942122e+00,17
1418668545.956,1418.668545956,1.480447748218e+00,17
1418673532.169,1418.673532169,1.550838431781e+00,17
1418678506.893,1418.678506893,1.466596862306e+00,17
1418683493.107,1418.683493107,1.438913135075e+00,17
1418688467.831,1418.688467831,1.577814504696e+00,17
1418693454.044,1418.693454044,1.509130771641e+00,17
1418698428.768,1418.698428768,1.472561403269e+00,17
1418703414.982,1418.703414982,1.576298221218e+00,17
1418708389.706,1418.708389706,1.514201274343e+00,17
1418713519.531,1418.713519531,1.388766688897e+00,18
1418718500.000,1418.718500000,1.501411177731e+00,16
1418723480.469,1418.723480469,1.426403752710e+00,18
1418728460.938,1418.728460937,1.427242113259e+00,16
1418733441.406,1418.733441406,1.557928359411e+00,18
1418738571.232,1418.738571232,1.438275908481e+00,17
1418743545.956,1418.743545956,1.433258790117e+00,17
1418748532.169,1418.748532169,1.533984282986e+00,17
1418753506.893,1418.753506893,1.466590598950e+00,17
1418758493.107,1418.758493107,1.405126093630e+00,17
1418763467.831,1418.763467831,1.562694845751e+00,17
1418768454.044,1418.768454044,1.451355629755e+00,17
1418773428.768,1418.773428768,1.431966982986e+00,17
1418778414.982,1418.778414982,1.537928926826e+00,17
1418783389.706,1418.783389706,1.476015564160e+00,17
1418788519.531,1418.788519531,1.429913207885e+00,18
1418793500.000,1418.793500000,1.540910391406e+00,16
1418798480.469,1418.798480469,1.441655419808e+00,18
1418803460.938,1418.803460937,1.397760636473e+00,16
1418808441.406,1418.808441406,1.511879624840e+00,18
1418813571.232,1418.813571232,1.408595886675e+00,17
1418818545.956,1418.818545956,1.460345175592e+00,17
1418823532.169,1418.823532169,1.570585588979e+00,17
1418828506.893,1418.828506893,1.497941658472e+00,17
1418833493.107,1418.833493107,1.448724662413e+00,17
1418838467.831,1418.838467831,1.559606008084e+00,17
1418843454.044,1418.843454044,1.486959558773e+00,17
1418848428.768,1418.848428768,1.434706802890e+00,17
1418853414.982,1418.853414982,1.546058040534e+00,17
1418858389.706,1418.858389706,1.472235245054e+00,17
1418863519.531,1418.863519531,1.452268872987e+00,18
1418868500.000,1418.868500000,1.557525153109e+00,16
1418873480.469,1418.873480469,1.489456855661e+00,18
1418878460.938,1418.878460937,1.441075383691e+00,16
1418883441.406,1418.883441406,1.684100963384e+00,18
1418888571.232,1418.888571232,1.471715082229e+00,17
1418893545.956,1418.893545956,1.420918963917e+00,17
1418898532.169,1418.898532169,1.529995378324e+00,17
1418903506.893,1418.903506893,1.465140598038e+00,17
1418908493.107,1418.908493107,1.428825203053e+00,17
1418913467.831,1418.913467831,1.601664911573e+00,17
1418918454.044,1418.918454044,1.463732083931e+00,17
1418923428.768,1418.923428768,1.447641874950e+00,17
1418928414.982,1418.928414982,1.600397124960e+00,17
1418933389.706,1418.933389706,1.499060855329e+00,17
1418938519.531,1418.938519531,1.459100194361e+00,18
1418943500.000,1418.943500000,1.589939513681e+00,16
1418948480.469,1418.948480469,1.477373693650e+00,18
1418953460.938,1418.953460938,1.442963097152e+00,16
1418958441.406,1418.958441406,1.568544367148e+00,18
1418963571.232,1418.963571232,1.453708640582e+00,17
1418968545.956,1418.968545956,1.454176258997e+00,17
1418973532.169,1418.973532169,1.571032561007e+00,17
1418978506.893,1418.978506893,1.482797995025e+00,17
1418983493.107,1418.983493107,1.410890425917e+00,17
1418988467.831,1418.988467831,1.520755797628e+00,17
1418993454.044,1418.993454044,1.427394316364e+00,17
1418998428.768,1418.998428768,1.444918446098e+00,17
1419003414.982,1419.003414982,1.585234208571e+00,17
1419008389.706,1419.008389706,1.517155699029e+00,17
1419013519.531,1419.013519531,1.438157714510e+00,18
1419018500.000,1419.018500000,1.571573806888e+00,16
1419023480.469,1419.023480469,1.470129518134e+00,18
1419028460.938,1419.028460938,1.436435574085e+00,16
1419033441.406,1419.033441406,1.583782870538e+00,18
1419038571.232,1419.038571232,1.478263988004e+00,17
1419043545.956,1419.043545956,1.483728925702e+00,17
1419048532.169,1419.048532169,1.591640579231e+00,17
1419053506.893,1419.053506893,1.506282171312e+00,17
1419058493.107,1419.058493107,1.434605199856e+00,17
1419063467.831,1419.063467831,1.606423649642e+00,17
1419068454.044,1419.068454044,1.472051247811e+00,17
1419073428.768,1419.073428768,1.405930940341e+00,17
1419078414.982,1419.078414982,1.506922268512e+00,17
1419083389.706,1419.083389706,1.452296674772e+00,17
1419088519.531,1419.088519531,1.430891890210e+00,18
1419093500.000,1419.093500000,1.619072680194e+00,16
1419098480.469,1419.098480469,1.471488968398e+00,18
1419103460.938,1419.103460937,1.425051547360e+00,16
1419108441.406,1419.108441406,1.581810206894e+00,18
1419113571.232,1419.113571232,1.485306542198e+00,17
1419118545.956,1419.118545956,1.470155686105e+00,17
1419123532.169,1419.123532169,1.587663754777e+00,17
1419128506.893,1419.128506893,1.485039185727e+00,17
1419133493.107,1419.133493107,1.429051540414e+00,17
1419138467.831,1419.138467831,1.621572518025e+00,17
1419143454.044,1419.143454044,1.513024123322e+00,17
1419148428.768,1419.148428768,1.487547122186e+00,17
1419153414.982,1419.153414982,1.596080108376e+00,17
1419158389.706,1419.158389706,1.574058817462e+00,17
1419163519.531,1419.163519531,1.424201506102e+00,18
1419168500.000,1419.168500000,1.564354808400e+00,16
1419173480.469,1419.173480469,1.463016276952e+00,18
1419178460.938,1419.178460937,1.485772950736e+00,16
1419183441.406,1419.183441406,1.661286709532e+00,18
1419188571.232,1419.188571232,1.513925946385e+00,17
1419193545.956,1419.193545956,1.509441863206e+00,17
1419198532.169,1419.198532169,1.554853055248e+00,17
1419203506.893,1419.203506893,1.507017164948e+00,17
1419208441.406,1419.208441406,1.520437794432e+00,26
1419213519.531,1419.213519531,1.673572663727e+00,26
1419218500.000,1419.218500000,1.544054978253e+00,25
1419223480.469,1419.223480469,1.527018959607e+00,26
1419228460.938,1419.228460938,1.648741342106e+00,25
1419233441.406,1419.233441406,1.567014453847e+00,26
1419238519.531,1419.238519531,1.496939323348e+00,26
1419243500.000,1419.243500000,1.661484243577e+00,25
1419248480.469,1419.248480469,1.521236971429e+00,26
1419253460.938,1419.253460938,1.444381095760e+00,25
1419258441.406,1419.258441406,1.585930868565e+00,26
1419263519.531,1419.263519531,1.493629000574e+00,26
1419268500.000,1419.268500000,1.462552578216e+00,25
1419273480.469,1419.273480469,1.592861645785e+00,26
1419278460.938,1419.278460938,1.512557322836e+00,25
1419283441.406,1419.283441406,1.452514254395e+00,26
1419288519.531,1419.288519531,1.615574238135e+00,26
1419293500.000,1419.293500000,1.494029690108e+00,25
1419298480.469,1419.298480469,1.477666579867e+00,26
1419303460.938,1419.303460938,1.609944751480e+00,25
1419308441.406,1419.308441406,1.519416759933e+00,26
1419313519.531,1419.313519531,1.435018273499e+00,26
1419318500.000,1419.318500000,1.583905823113e+00,25
1419323480.469,1419.323480469,1.496711784802e+00,26
1419328460.938,1419.328460938,1.472754414973e+00,25
1419333441.406,1419.333441406,1.613164411193e+00,26
1419338519.531,1419.338519531,1.497460693936e+00,26
1419343500.000,1419.343500000,1.424613507724e+00,25
1419348480.469,1419.348480469,1.523197003497e+00,26
1419353460.938,1419.353460938,1.454299788843e+00,25
1419358441.406,1419.358441406,1.400264177921e+00,26
1419363519.531,1419.363519531,1.588129541134e+00,26
1419368500.000,1419.368500000,1.483430297989e+00,25
1419373480.469,1419.373480469,1.451531764698e+00,26
1419378460.938,1419.378460938,1.560709862027e+00,25
1419383441.406,1419.383441406,1.469957863669e+00,26
1419388519.531,1419.388519531,1.434295048585e+00,26
1419393500.000,1419.393500000,1.598391026617e+00,25
1419398480.469,1419.398480469,1.509004656361e+00,26
1419403460.938,1419.403460938,1.442928444343e+00,25
1419408441.406,1419.408441406,1.589774079907e+00,26
1419413519.531,1419.413519531,1.502855286445e+00,26
1419418500.000,1419.418500000,1.451841058611e+00,25
1419423480.469,1419.423480469,1.594884052919e+00,26
1419428460.938,1419.428460938,1.465746834503e+00,25
1419433441.406,1419.433441406,1.412775762575e+00,26
1419438519.531,1419.438519531,1.559399490978e+00,26
1419443500.000,1419.443500000,1.436215838845e+00,25
1419448480.469,1419.448480469,1.435934774668e+00,26
1419453460.938,1419.453460938,1.583800409913e+00,25
1419458441.406,1419.458441406,1.496463508934e+00,26
1419463519.531,1419.463519531,1.458966668808e+00,26
1419468500.000,1419.468500000,1.596571667005e+00,25
1419473480.469,1419.473480469,1.480538352572e+00,26
1419478460.938,1419.478460938,1.454782549148e+00,25
1419483441.406,1419.483441406,1.628507793084e+00,26
1419488519.531,1419.488519531,1.508382117828e+00,26
1419493500.000,1419.493500000,1.437779463325e+00,25
1419498480.469,1419.498480469,1.603911200230e+00,26
1419503460.938,1419.503460938,1.518285350686e+00,25
1419508441.406,1419.508441406,1.483998000925e+00,26
1419513519.531,1419.513519531,1.607530295286e+00,26
1419518500.000,1419.518500000,1.532969426140e+00,25
1419523480.469,1419.523480469,1.426937302296e+00,26
1419528460.938,1419.528460938,1.532006627366e+00,25
1419533441.406,1419.533441406,1.480432848282e+00,26
1419538519.531,1419.538519531,1.467700956427e+00,26
1419543500.000,1419.543500000,1.619897789422e+00,25
1419548480.469,1419.548480469,1.531704053324e+00,26
1419553460.938,1419.553460938,1.517839543026e+00,25
1419558441.406,1419.558441406,1.659558000674e+00,26
1419563519.531,1419.563519531,1.514976241051e+00,26
1419568500.000,1419.568500000,1.494230450772e+00,25
1419573480.469,1419.573480469,1.623613459826e+00,26
1419578460.938,1419.578460938,1.517250547743e+00,25
1419583441.406,1419.583441406,1.451804286096e+00,26
1419588519.531,1419.588519531,1.660790769068e+00,26
1419593500.000,1419.593500000,1.550895259347e+00,25
1419598480.469,1419.598480469,1.512632823450e+00,26
1419603460.938,1419.603460938,1.682842034905e+00,25
1419608441.406,1419.608441406,1.609561202495e+00,26
1419613519.531,1419.613519531,1.446638523992e+00,26
1419618500.000,1419.618500000,1.588355566723e+00,25
1419623480.469,1419.623480469,1.500489086335e+00,26
1419628460.938,1419.628460938,1.481249297938e+00,25
1419633441.406,1419.633441406,1.645345619722e+00,26
1419638519.531,1419.638519531,1.483917624997e+00,26
1419643500.000,1419.643500000,1.501801421146e+00,25
1419648480.469,1419.648480469,1.620117788352e+00,26
1419653460.938,1419.653460938,1.538647334026e+00,25
1419658441.406,1419.658441406,1.489818780374e+00,26
1419663519.531,1419.663519531,1.670992246897e+00,26
1419668500.000,1419.668500000,1.540735183102e+00,25
1419673480.469,1419.673480469,1.498274061356e+00,26
1419678460.938,1419.678460938,1.637358833530e+00,25
1419683441.406,1419.683441406,1.573278478531e+00,26
1419688519.531,1419.688519531,1.465548965737e+00,26
1419693500.000,1419.693500000,1.672511611037e+00,25
1419698480.469,1419.698480469,1.617252300198e+00,26
1419703460.938,1419.703460938,1.444622550336e+00,25
1419708441.406,1419.708441406,1.594345188615e+00,26
1419713519.531,1419.713519531,1.481698513120e+00,26
1419718500.000,1419.718500000,1.499503307408e+00,25
1419723480.469,1419.723480469,1.645154361333e+00,26
1419728460.938,1419.728460938,1.525203557733e+00,25
1419733441.406,1419.733441406,1.491930093655e+00,26
1419738519.531,1419.738519531,1.702573433322e+00,26
1419743500.000,1419.743500000,1.579994541045e+00,25
1419748480.469,1419.748480469,1.537666737570e+00,26
1419753460.938,1419.753460938,1.659941104520e+00,25
1419758441.406,1419.758441406,1.572494981827e+00,26
1419763519.531,1419.763519531,1.504749909766e+00,26
1419768500.000,1419.768500000,1.646271940670e+00,25
1419773480.469,1419.773480469,1.570010246110e+00,26
1419778460.938,1419.778460938,1.508150772859e+00,25
1419783441.406,1419.783441406,1.728488582910e+00,26
1419788519.531,1419.788519531,1.557312016612e+00,26
1419793500.000,1419.793500000,1.498877984794e+00,25
1419798480.469,1419.798480469,1.593959483802e+00,26
1419803460.938,1419.803460938,1.517040454932e+00,25
1419808441.406,1419.808441406,1.498763689879e+00,26
1419813519.531,1419.813519531,1.698318273605e+00,26
1419818500.000,1419.818500000,1.573431316312e+00,25
1419823480.469,1419.823480469,1.543868134754e+00,26
1419828460.938,1419.828460938,1.694961902619e+00,25
1419833441.406,1419.833441406,1.584674471526e+00,26
1419838519.531,1419.838519531,1.526676949028e+00,26
1419843500.000,1419.843500000,1.672479368207e+00,25
1419848480.469,1419.848480469,1.585530172006e+00,26
1419853460.938,1419.853460938,1.502748051573e+00,25
1419858441.406,1419.858441406,1.697236392828e+00,26
1419863519.531,1419.863519531,1.594383384647e+00,26
1419868500.000,1419.868500000,1.625351470894e+00,25
1419873480.469,1419.873480469,1.710918180374e+00,26
1419878460.938,1419.878460938,1.667904415741e+00,25
1419883441.406,1419.883441406,1.489669209074e+00,26
1419888519.531,1419.888519531,1.649009984861e+00,26
1419893500.000,1419.893500000,1.519550536322e+00,25
1419898480.469,1419.898480469,1.510380245719e+00,26
1419903460.938,1419.903460938,1.675856544363e+00,25
1419908441.406,1419.908441406,1.584287726759e+00,26
1419913519.531,1419.913519531,1.563141677597e+00,26
1419918500.000,1419.918500000,1.727686962854e+00,25
1419923480.469,1419.923480469,1.669797387153e+00,26
1419928460.938,1419.928460938,1.561739441509e+00,25
1419933441.406,1419.933441406,1.709462794217e+00,26
1419938519.531,1419.938519531,1.596401747741e+00,26
1419943500.000,1419.943500000,1.554079006722e+00,25
1419948480.469,1419.948480469,1.691755583970e+00,26
1419953460.938,1419.953460938,1.618171600878e+00,25
1419958441.406,1419.958441406,1.578092076466e+00,26
1419963519.531,1419.963519531,1.723818720657e+00,26
1419968500.000,1419.968500000,1.604435242532e+00,25
1419973480.469,1419.973480469,1.530308480798e+00,26
1419978460.938,1419.978460938,1.655354140798e+00,25
1419983441.406,1419.983441406,1.587371748229e+00,26
1419988519.531,1419.988519531,1.557353414083e+00,26
1419993500.000,1419.993500000,1.678805989535e+00,25
1419998480.469,1419.998480469,1.572120307777e+00,26
1420003460.938,1420.003460938,1.584366073644e+00,25
1420008441.406,1420.008441406,1.928098207039e+00,26
1420013519.531,1420.013519531,1.781504785078e+00,26
1420018500.000,1420.018500000,1.689814447766e+00,25
1420023480.469,1420.023480469,1.842405462856e+00,26
1420028460.938,1420.028460938,1.762478861309e+00,25
1420033441.406,1420.033441406,1.666468385718e+00,26
1420038519.531,1420.038519531,1.837293865393e+00,26
1420043500.000,1420.043500000,1.704689782143e+00,25
1420048480.469,1420.048480469,1.648502343058e+00,26
1420053460.938,1420.053460938,1.850591351910e+00,25
1420058441.406,1420.058441406,1.779701145313e+00,26
1420063519.531,1420.063519531,1.614591265175e+00,26
1420068500.000,1420.068500000,1.778672686220e+00,25
1420073480.469,1420.073480469,1.643259263203e+00,26
1420078460.938,1420.078460938,1.593590168339e+00,25
1420083441.406,1420.083441406,1.758822650595e+00,26
1420088519.531,1420.088519531,1.622604050333e+00,26
1420093500.000,1420.093500000,1.589537942478e+00,25
1420098480.469,1420.098480469,1.744707275271e+00,26
1420103460.938,1420.103460938,1.686593671258e+00,25
1420108441.406,1420.108441406,1.577911472470e+00,26
1420113519.531,1420.113519531,1.808159113753e+00,26
1420118500.000,1420.118500000,1.676888366970e+00,25
1420123480.469,1420.123480469,1.614333201964e+00,26
1420128460.938,1420.128460938,1.811082017662e+00,25
1420133441.406,1420.133441406,1.640374046689e+00,26
1420138519.531,1420.138519531,1.585498740341e+00,26
1420143500.000,1420.143500000,1.784349124565e+00,25
1420148480.469,1420.148480469,1.655061174887e+00,26
1420153460.938,1420.153460938,1.549499120501e+00,25
1420158441.406,1420.158441406,1.746134008134e+00,26
1420163519.531,1420.163519531,1.610843396258e+00,26
1420168500.000,1420.168500000,1.574176947959e+00,25
1420173480.469,1420.173480469,1.743446527453e+00,26
1420178460.938,1420.178460938,1.632201517788e+00,25
1420183441.406,1420.183441406,1.573298764852e+00,26
1420188519.531,1420.188519531,1.814961335523e+00,26
1420193500.000,1420.193500000,1.692708800599e+00,25
1420198480.469,1420.198480469,1.649623110856e+00,26
1420203460.938,1420.203460938,1.792973777691e+00,25
1420208441.406,1420.208441406,1.718732722158e+00,26
1420213519.531,1420.213519531,1.626586587199e+00,26
1420218500.000,1420.218500000,1.816795272758e+00,25
1420223480.469,1420.223480469,1.659955350110e+00,26
1420228460.938,1420.228460938,1.622483186437e+00,25
1420233441.406,1420.233441406,1.768841786515e+00,26
1420238519.531,1420.238519531,1.627589805138e+00,26
1420243500.000,1420.243500000,1.587754099742e+00,25
1420248480.469,1420.248480469,1.719762868457e+00,26
1420253460.938,1420.253460938,1.619451029097e+00,25
1420258441.406,1420.258441406,1.629466677596e+00,26
1420263519.531,1420.263519531,1.774406898775e+00,26
1420268500.000,1420.268500000,1.636525535119e+00,25
1420273480.469,1420.273480469,1.617341483298e+00,26
1420278460.938,1420.278460938,1.842354821594e+00,25
1420283441.406,1420.283441406,1.682383415930e+00,26
1420288519.531,1420.288519531,1.633583654064e+00,26
1420293500.000,1420.293500000,1.833974572533e+00,25
1420298480.469,1420.298480469,1.692903635022e+00,26
1420303460.938,1420.303460938,1.635436643864e+00,25
1420308441.406,1420.308441406,1.811530332852e+00,26
1420313519.531,1420.313519531,1.670919114015e+00,26
1420318500.000,1420.318500000,1.640986588008e+00,25
1420323480.469,1420.323480469,1.850432842885e+00,26
1420328460.938,1420.328460938,1.709452625525e+00,25
1420333441.406,1420.333441406,1.620389680643e+00,26
1420338519.531,1420.338519531,1.767597564433e+00,26
1420343500.000,1420.343500000,1.669363347751e+00,25
1420348480.469,1420.348480469,1.623848851688e+00,26
1420353460.938,1420.353460938,1.803896763142e+00,25
1420358441.406,1420.358441406,1.683058605531e+00,26
1420363519.531,1420.363519531,1.625981784449e+00,26
1420368500.000,1420.368500000,1.850376639484e+00,25
1420373480.469,1420.373480469,1.737643784365e+00,26
1420378460.938,1420.378460938,1.643286523772e+00,25
1420383441.406,1420.383441406,1.878994384484e+00,26
1420388519.531,1420.388519531,1.719546885748e+00,26
1420393500.000,1420.393500000,1.688556606960e+00,25
1420398480.469,1420.398480469,1.838730594372e+00,26
1420403460.938,1420.403460938,1.733658671581e+00,25
1420408441.406,1420.408441406,1.666689194023e+00,26
1420413519.531,1420.413519531,1.895781504386e+00,26
1420418500.000,1420.418500000,1.707524918071e+00,25
1420423480.469,1420.423480469,1.663640323267e+00,26
1420428460.938,1420.428460938,1.815467958904e+00,25
1420433441.406,1420.433441406,1.714258285662e+00,26
1420438519.531,1420.438519531,1.660431075368e+00,26
1420443500.000,1420.443500000,1.830332695411e+00,25
1420448480.469,1420.448480469,1.691903939226e+00,26
1420453460.938,1420.453460938,1.647276223441e+00,25
1420458441.406,1420.458441406,1.985759349718e+00,26
1420463519.531,1420.463519531,1.781436707621e+00,26
1420468500.000,1420.468500000,1.699127170426e+00,25
1420473480.469,1420.473480469,1.874400654387e+00,26
1420478460.938,1420.478460938,1.729963736986e+00,25
1420483441.406,1420.483441406,1.659621679379e+00,26
1420488519.531,1420.488519531,1.877953190138e+00,26
1420493500.000,1420.493500000,1.758584007602e+00,25
1420498480.469,1420.498480469,1.714593430114e+00,26
1420503460.938,1420.503460938,1.992737374760e+00,25
1420508441.406,1420.508441406,1.901781017767e+00,26
1420513519.531,1420.513519531,1.652979525926e+00,26
1420518500.000,1420.518500000,1.850402841247e+00,25
1420523480.469,1420.523480469,1.699847332515e+00,26
1420528460.938,1420.528460938,1.646964891339e+00,25
1420533441.406,1420.533441406,1.871852967925e+00,26
1420538519.531,1420.538519531,1.746726940490e+00,26
1420543500.000,1420.543500000,1.734726422480e+00,25
1420548480.469,1420.548480469,1.967477762900e+00,26
1420553460.938,1420.553460938,1.860851516517e+00,25
1420558441.406,1420.558441406,1.687988154458e+00,26
1420563519.531,1420.563519531,1.897778094039e+00,26
1420568500.000,1420.568500000,1.742311873204e+00,25
1420573480.469,1420.573480469,1.700716544833e+00,26
1420578460.938,1420.578460938,1.886324617521e+00,25
1420583441.406,1420.583441406,1.781086340793e+00,26
1420588519.531,1420.588519531,1.682051480113e+00,26
1420593500.000,1420.593500000,1.939287169580e+00,25
1420598480.469,1420.598480469,1.804719636334e+00,26
1420603460.938,1420.603460938,1.711787023919e+00,25
1420608441.406,1420.608441406,1.848150756031e+00,26
1420613519.531,1420.613519531,1.680104996294e+00,26
1420618500.000,1420.618500000,1.677600119740e+00,25
1420623480.469,1420.623480469,1.895163596174e+00,26
1420628460.938,1420.628460938,1.767214343099e+00,25
1420633441.406,1420.633441406,1.713615335052e+00,26
1420638519.531,1420.638519531,1.899452450629e+00,26
1420643500.000,1420.643500000,1.830048234540e+00,25
1420648480.469,1420.648480469,1.727015531072e+00,26
1420653460.938,1420.653460938,1.884898613320e+00,25
1420658441.406,1420.658441406,1.746790884565e+00,26
1420663519.531,1420.663519531,1.702931144728e+00,26
1420668500.000,1420.668500000,1.930127640567e+00,25
1420673480.469,1420.673480469,1.780299489080e+00,26
1420678460.938,1420.678460938,1.718372157744e+00,25
1420683441.406,1420.683441406,1.945735954481e+00,26
1420688519.531,1420.688519531,1.782371900479e+00,26
1420693500.000,1420.693500000,1.701615796942e+00,25
1420698480.469,1420.698480469,1.857627754236e+00,26
1420703460.938,1420.703460938,1.743475188835e+00,25
1420708441.406,1420.708441406,1.656685955015e+00,26
1420713519.531,1420.713519531,1.889804343572e+00,26
1420718500.000,1420.718500000,1.726078657563e+00,25
1420723480.469,1420.723480469,1.716514359374e+00,26
1420728460.938,1420.728460938,1.966822743766e+00,25
1420733441.406,1420.733441406,1.801031471792e+00,26
1420738519.531,1420.738519531,1.749569843244e+00,26
1420743500.000,1420.743500000,1.914083069446e+00,25
1420748480.469,1420.748480469,1.782634438767e+00,26
1420753460.938,1420.753460938,1.709146112313e+00,25
1420758441.406,1420.758441406,1.915554212488e+00,26
1420763519.531,1420.763519531,1.729323817163e+00,26
1420768500.000,1420.768500000,1.690323978516e+00,25
1420773480.469,1420.773480469,1.869501402557e+00,26
1420778460.938,1420.778460938,1.778803842923e+00,25
1420783441.406,1420.783441406,1.658021023271e+00,26
1420788519.531,1420.788519531,1.877100761681e+00,26
1420793500.000,1420.793500000,1.738718135948e+00,25
1420798480.469,1420.798480469,1.651286770658e+00,26
1420803460.938,1420.803460938,1.865846645284e+00,25
1420808441.406,1420.808441406,1.795516952247e+00,26
1420813519.531,1420.813519531,1.719209333589e+00,26
1420818500.000,1420.818500000,1.899973505087e+00,25
1420823480.469,1420.823480469,1.738714641528e+00,26
1420828460.938,1420.828460938,1.678409751070e+00,25
1420833441.406,1420.833441406,1.897442610429e+00,26
1420838519.531,1420.838519531,1.771747338829e+00,26
1420843500.000,1420.843500000,1.699568871051e+00,25
1420848480.469,1420.848480469,1.855696681700e+00,26
1420853460.938,1420.853460938,1.756145881721e+00,25
1420858441.406,1420.858441406,1.638345972973e+00,26
1420863519.531,1420.863519531,1.839742904975e+00,26
1420868500.000,1420.868500000,1.737220685730e+00,25
1420873480.469,1420.873480469,1.644067500743e+00,26
1420878460.938,1420.878460938,1.810578700637e+00,25
1420883441.406,1420.883441406,1.660633384435e+00,26
1420888519.531,1420.888519531,1.593054749018e+00,26
1420893500.000,1420.893500000,1.779562386425e+00,25
1420898480.469,1420.898480469,1.680332321331e+00,26
1420903460.938,1420.903460938,1.605519409975e+00,25
1420908441.406,1420.908441406,1.815581384252e+00,26
1420913519.531,1420.913519531,1.721240156277e+00,26
1420918500.000,1420.918500000,1.634778281712e+00,25
1420923480.469,1420.923480469,1.920019795007e+00,26
1420928460.938,1420.928460938,1.737459647684e+00,25
1420933441.406,1420.933441406,1.651831462678e+00,26
1420938519.531,1420.938519531,1.825701838445e+00,26
1420943500.000,1420.943500000,1.675650207045e+00,25
1420948480.469,1420.948480469,1.675313526861e+00,26
1420953460.938,1420.953460938,1.789975975492e+00,25
1420958441.406,1420.958441406,1.733093178033e+00,26
1420963519.531,1420.963519531,1.686262936260e+00,26
1420968500.000,1420.968500000,1.846442204181e+00,25
1420973480.469,1420.973480469,1.691045798197e+00,26
1420978460.938,1420.978460938,1.611063644228e+00,25
1420983441.406,1420.983441406,1.806261602693e+00,26
1420988519.531,1420.988519531,1.694976609885e+00,26
1420993500.000,1420.993500000,1.673676302377e+00,25
1420998480.469,1420.998480469,1.860468554444e+00,26
1421003460.938,1421.003460938,1.737373327890e+00,25
1421008441.406,1421.008441406,1.686686543038e+00,26
1421013519.531,1421.013519531,1.876542782179e+00,26
1421018500.000,1421.018500000,1.781197302581e+00,25
1421023480.469,1421.023480469,1.661140126821e+00,26
1421028460.938,1421.028460938,1.867611061409e+00,25
1421033441.406,1421.033441406,1.742048261729e+00,26
1421038519.531,1421.038519531,1.653015445386e+00,26
1421043500.000,1421.043500000,1.843878167892e+00,25
1421048480.469,1421.048480469,1.783790660925e+00,26
1421053460.938,1421.053460938,1.623081988472e+00,25
1421058441.406,1421.058441406,1.803163980271e+00,26
1421063519.531,1421.063519531,1.670584452739e+00,26
1421068500.000,1421.068500000,1.603582733057e+00,25
1421073480.469,1421.073480469,1.825366406363e+00,26
1421078460.938,1421.078460938,1.701109325755e+00,25
1421083441.406,1421.083441406,1.682972567198e+00,26
1421088519.531,1421.088519531,1.836361394795e+00,26
1421093500.000,1421.093500000,1.750026148724e+00,25
1421098480.469,1421.098480469,1.686423729421e+00,26
1421103460.938,1421.103460938,1.892477048152e+00,25
1421108441.406,1421.108441406,1.781635400015e+00,26
1421113519.531,1421.113519531,1.702488317969e+00,26
1421118500.000,1421.118500000,1.877646608354e+00,25
1421123480.469,1421.123480469,1.751663652155e+00,26
1421128460.938,1421.128460938,1.726367464092e+00,25
1421133441.406,1421.133441406,1.960233118497e+00,26
1421138519.531,1421.138519531,1.695619551495e+00,26
1421143500.000,1421.143500000,1.658772950800e+00,25
1421148480.469,1421.148480469,1.893452766456e+00,26
1421153460.938,1421.153460938,1.757437656867e+00,25
1421158441.406,1421.158441406,1.659291922183e+00,26
1421163519.531,1421.163519531,1.831010234803e+00,26
1421168500.000,1421.168500000,1.712258277933e+00,25
1421173480.469,1421.173480469,1.663620395043e+00,26
1421178460.938,1421.178460938,1.963712748477e+00,25
1421183441.406,1421.183441406,1.775816085796e+00,26
1421188519.531,1421.188519531,1.687982624468e+00,26
1421193500.000,1421.193500000,1.906988881835e+00,25
1421198480.469,1421.198480469,1.827048585061e+00,26
1421203460.938,1421.203460938,1.709212398842e+00,25
1421208441.406,1421.208441406,1.869844846026e+00,26
1421213519.531,1421.213519531,1.741035815642e+00,26
1421218500.000,1421.218500000,1.720112165154e+00,25
1421223480.469,1421.223480469,1.895836150532e+00,26
1421228460.938,1421.228460938,1.760135022524e+00,25
1421233441.406,1421.233441406,1.685998293449e+00,26
1421238519.531,1421.238519531,1.873911229105e+00,26
1421243500.000,1421.243500000,1.720542544800e+00,25
1421248480.469,1421.248480469,1.703339832519e+00,26
1421253460.938,1421.253460938,1.854960796796e+00,25
1421258441.406,1421.258441406,1.736170306345e+00,26
1421263519.531,1421.263519531,1.706264172508e+00,26
1421268500.000,1421.268500000,1.969359326129e+00,25
1421273480.469,1421.273480469,1.774221650502e+00,26
1421278460.938,1421.278460938,1.714389673515e+00,25
1421283441.406,1421.283441406,1.962461063969e+00,26
1421288519.531,1421.288519531,1.787627749726e+00,26
1421293500.000,1421.293500000,1.687335819229e+00,25
1421298480.469,1421.298480469,1.931377903833e+00,26
1421303460.938,1421.303460938,1.784266675739e+00,25
1421308441.406,1421.308441406,1.788860019728e+00,26
1421313519.531,1421.313519531,1.974704100400e+00,26
1421318500.000,1421.318500000,1.807308692114e+00,25
1421323480.469,1421.323480469,1.681296258064e+00,26
1421328460.938,1421.328460938,1.865216481172e+00,25
1421333441.406,1421.333441406,1.723786605520e+00,26
1421338519.531,1421.338519531,1.661896474895e+00,26
1421343500.000,1421.343500000,1.875199493469e+00,25
1421348480.469,1421.348480469,1.770616784657e+00,26
1421353460.938,1421.353460938,1.759805044750e+00,25
1421358441.406,1421.358441406,1.989088133021e+00,26
1421363519.531,1421.363519531,1.848273221039e+00,26
1421368500.000,1421.368500000,1.728389100430e+00,25
1421373480.469,1421.373480469,1.922491828597e+00,26
1421378460.938,1421.378460938,1.785062147461e+00,25
1421383441.406,1421.383441406,1.734995936768e+00,26
1421388519.531,1421.388519531,1.964648818329e+00,26
1421393500.000,1421.393500000,1.836759705643e+00,25
1421398480.469,1421.398480469,1.770889337713e+00,26
1421403460.938,1421.403460938,2.056082056828e+00,25
1421408441.406,1421.408441406,1.875290760430e+00,26
1421413519.531,1421.413519531,1.752226288708e+00,26
1421418500.000,1421.418500000,1.918946564294e+00,25
1421423480.469,1421.423480469,1.778100960022e+00,26
1421428460.938,1421.428460938,1.692051559403e+00,25
1421433441.406,1421.433441406,1.907262253382e+00,26
1421438519.531,1421.438519531,1.745153964355e+00,26
1421443500.000,1421.443500000,1.711626615189e+00,25
1421448480.469,1421.448480469,1.957631119121e+00,26
1421453460.938,1421.453460938,1.812041812471e+00,25
1421458441.406,1421.458441406,1.742495554594e+00,26
1421463519.531,1421.463519531,1.996164896638e+00,26
1421468500.000,1421.468500000,1.842378549427e+00,25
1421473480.469,1421.473480469,1.802636028369e+00,26
1421478460.938,1421.478460938,1.977153502427e+00,25
1421483441.406,1421.483441406,1.845440546192e+00,26
1421488519.531,1421.488519531,1.762201210615e+00,26
1421493500.000,1421.493500000,1.949897316000e+00,25
1421498480.469,1421.498480469,1.813037921412e+00,26
1421503460.938,1421.503460938,1.768382440907e+00,25
1421508441.406,1421.508441406,2.022914790255e+00,26
1421513519.531,1421.513519531,1.794511911739e+00,26
1421518500.000,1421.518500000,1.705402642053e+00,25
1421523480.469,1421.523480469,1.912417594348e+00,26
1421528460.938,1421.528460938,1.791506045582e+00,25
1421533441.406,1421.533441406,1.736584141297e+00,26
1421538519.531,1421.538519531,1.963318765962e+00,26
1421543500.000,1421.543500000,1.777742101106e+00,25
1421548480.469,1421.548480469,1.759954157504e+00,26
1421553460.938,1421.553460938,2.071807148967e+00,25
1421558441.406,1421.558441406,1.856347926162e+00,26
1421563519.531,1421.563519531,1.769338654379e+00,26
1421568500.000,1421.568500000,1.971008446964e+00,25
1421573480.469,1421.573480469,1.794717421279e+00,26
1421578460.938,1421.578460938,1.728320325238e+00,25
1421583441.406,1421.583441406,1.965675397405e+00,26
1421588519.531,1421.588519531,1.815050701881e+00,26
1421593500.000,1421.593500000,1.759691048212e+00,25
1421598480.469,1421.598480469,2.001741457045e+00,26
1421603460.938,1421.603460938,1.861004492825e+00,25
1421608493.107,1421.608493107,1.758662474554e+00,17
1421613467.831,1421.613467831,1.939360059196e+00,17
1421618454.044,1421.618454044,1.861880981039e+00,17
1421623428.768,1421.623428768,1.793158344100e+00,17
1421628414.982,1421.628414982,1.971321143106e+00,17
1421633389.706,1421.633389706,1.889707590413e+00,17
1421638519.531,1421.638519531,1.801612654254e+00,18
1421643500.000,1421.643500000,2.112704567528e+00,16
1421648480.469,1421.648480469,1.924125354577e+00,18
1421653460.938,1421.653460938,1.842097997833e+00,16
1421658441.406,1421.658441406,2.047805844930e+00,18
1421663571.232,1421.663571232,1.833003344452e+00,17
1421668545.956,1421.668545956,1.811566321701e+00,17
1421673532.169,1421.673532169,2.094562657375e+00,17
1421678506.893,1421.678506893,1.945103032853e+00,17
1421683493.107,1421.683493107,1.763952086267e+00,17
1421688467.831,1421.688467831,2.058425994973e+00,17
1421693454.044,1421.693454044,1.832032638847e+00,17
1421698428.768,1421.698428768,1.771442570937e+00,17
1421703414.982,1421.703414982,1.980611142803e+00,17
1421708389.706,1421.708389706,1.840323541844e+00,17
1421713519.531,1421.713519531,1.782709014191e+00,18
1421718500.000,1421.718500000,1.989563973959e+00,16
1421723480.469,1421.723480469,1.907994048860e+00,18
1421728460.938,1421.728460937,1.822316268316e+00,16
1421733441.406,1421.733441406,2.090608527856e+00,18
1421738571.232,1421.738571232,1.965375869348e+00,17
1421743545.956,1421.743545956,1.827673547582e+00,17
1421748532.169,1421.748532169,2.066615485852e+00,17
1421753506.893,1421.753506893,1.938032796116e+00,17
1421758493.107,1421.758493107,1.862354293142e+00,17
1421763467.831,1421.763467831,2.095888230714e+00,17
1421768454.044,1421.768454044,1.868344209263e+00,17
1421773428.768,1421.773428768,1.925620124421e+00,17
1421778414.982,1421.778414982,2.109413109377e+00,17
1421783389.706,1421.783389706,1.913690295840e+00,17
1421788519.531,1421.788519531,1.756689201644e+00,18
1421793500.000,1421.793500000,2.015711485991e+00,16
1421798480.469,1421.798480469,1.885789859056e+00,18
1421803460.938,1421.803460937,1.818925560945e+00,16
1421808441.406,1421.808441406,2.118403956557e+00,18
1421813571.232,1421.813571232,1.895960951271e+00,17
1421818545.956,1421.818545956,1.920544534662e+00,17
1421823532.169,1421.823532169,2.062978521950e+00,17
1421828506.893,1421.828506893,1.882025758047e+00,17
1421833493.107,1421.833493107,1.863026732133e+00,17
1421838467.831,1421.838467831,2.087145362299e+00,17
1421843454.044,1421.843454044,1.950172426543e+00,17
1421848428.768,1421.848428768,1.824529007291e+00,17
1421853414.982,1421.853414982,2.072136714147e+00,17
1421858389.706,1421.858389706,1.970885898023e+00,17
1421863519.531,1421.863519531,1.764877647605e+00,18
1421868500.000,1421.868500000,1.956715377699e+00,16
1421873480.469,1421.873480469,1.902927644871e+00,18
1421878460.938,1421.878460937,1.809610851514e+00,16
1421883441.406,1421.883441406,2.054841818209e+00,18
1421888571.232,1421.888571232,1.849785911331e+00,17
1421893545.956,1421.893545956,1.809470779361e+00,17
1421898532.169,1421.898532169,2.100535152223e+00,17
1421903506.893,1421.903506893,1.903016760972e+00,17
1421908493.107,1421.908493107,1.844314964203e+00,17
1421913467.831,1421.913467831,2.040332085153e+00,17
1421918454.044,1421.918454044,1.921280011206e+00,17
1421923428.768,1421.923428768,1.889310445643e+00,17
1421928414.982,1421.928414982,2.114820802101e+00,17
1421933389.706,1421.933389706,1.943630777436e+00,17
1421938519.531,1421.938519531,1.852436514422e+00,18
1421943500.000,1421.943500000,2.069280671309e+00,16
1421948480.469,1421.948480469,1.921035881207e+00,18
1421953460.938,1421.953460938,1.878890783238e+00,16
1421958441.406,1421.958441406,2.064839618176e+00,18
1421963571.232,1421.963571232,1.912911466495e+00,17
1421968545.956,1421.968545956,1.830873926995e+00,17
1421973532.169,1421.973532169,2.073821483292e+00,17
1421978506.893,1421.978506893,1.914830605576e+00,17
1421983493.107,1421.983493107,1.822696700828e+00,17
1421988467.831,1421.988467831,2.047602084364e+00,17
1421993454.044,1421.993454044,1.898488300491e+00,17
1421998428.768,1421.998428768,1.881505851850e+00,17
1422003414.982,1422.003414982,2.115561572251e+00,17
1422008389.706,1422.008389706,1.955924114406e+00,17
1422013519.531,1422.013519531,1.904782656970e+00,18
1422018500.000,1422.018500000,2.168752459821e+00,16
1422023480.469,1422.023480469,1.999840836145e+00,18
1422028460.938,1422.028460938,1.903847387760e+00,16
1422033441.406,1422.033441406,2.097286009762e+00,18
1422038571.232,1422.038571232,1.982201120494e+00,17
1422043545.956,1422.043545956,1.963561847530e+00,17
1422048532.169,1422.048532169,2.255915086136e+00,17
1422053506.893,1422.053506893,2.035844927333e+00,17
1422058493.107,1422.058493107,1.863504847535e+00,17
1422063467.831,1422.063467831,2.084657886045e+00,17
1422068454.044,1422.068454044,1.950539834584e+00,17
1422073428.768,1422.073428768,1.901417001970e+00,17
1422078414.982,1422.078414982,2.173705109432e+00,17
1422083389.706,1422.083389706,1.943621878566e+00,17
1422088519.531,1422.088519531,1.963081600992e+00,18
1422093500.000,1422.093500000,2.165254290814e+00,16
1422098480.469,1422.098480469,2.021400470676e+00,18
1422103460.938,1422.103460937,1.966216893887e+00,16
1422108441.406,1422.108441406,2.180902610245e+00,18
1422113571.232,1422.113571232,2.009622849582e+00,17
1422118545.956,1422.118545956,1.979270731160e+00,17
1422123532.169,1422.123532169,2.265793242235e+00,17
1422128506.893,1422.128506893,2.042885386877e+00,17
1422133493.107,1422.133493107,1.929657418035e+00,17
1422138467.831,1422.138467831,2.214480863032e+00,17
1422143454.044,1422.143454044,2.038165779524e+00,17
1422148428.768,1422.148428768,1.891279701858e+00,17
1422153414.982,1422.153414982,2.136400681231e+00,17
1422158389.706,1422.158389706,2.007657595840e+00,17
1422163519.531,1422.163519531,1.905067606552e+00,18
1422168500.000,1422.168500000,2.105286519883e+00,16
1422173480.469,1422.173480469,1.992970650950e+00,18
1422178460.938,1422.178460937,2.002069141579e+00,16
1422183441.406,1422.183441406,2.207967274068e+00,18
1422188571.232,1422.188571232,2.105770276940e+00,17
1422193545.956,1422.193545956,1.976337538977e+00,17
1422198532.169,1422.198532169,2.267631143356e+00,17
1422203506.893,1422.203506893,2.049517655773e+00,17
1422208493.107,1422.208493107,1.981063914572e+00,17
1422213467.831,1422.213467831,2.241333219666e+00,17
1422218454.044,1422.218454044,2.055344864870e+00,17
1422223428.768,1422.223428768,2.048059455646e+00,17
1422228414.982,1422.228414982,2.282877757498e+00,17
1422233389.706,1422.233389706,2.074629987062e+00,17
1422238519.531,1422.238519531,1.928963302947e+00,18
1422243500.000,1422.243500000,2.181983467281e+00,16
1422248480.469,1422.248480469,2.021312440898e+00,18
1422253460.938,1422.253460937,1.965094824700e+00,16
1422258441.406,1422.258441406,2.250530700024e+00,18
1422263571.232,1422.263571232,2.071333403276e+00,17
1422268545.956,1422.268545956,1.974120602795e+00,17
1422273532.169,1422.273532169,2.217117734357e+00,17
1422278506.893,1422.278506893,2.023195317683e+00,17
1422283493.107,1422.283493107,1.960749813696e+00,17
1422288467.831,1422.288467831,2.234822480309e+00,17
1422293454.044,1422.293454044,2.025506936106e+00,17
1422298428.768,1422.298428768,1.964932387589e+00,17
1422303414.982,1422.303414982,2.202727558003e+00,17
1422308389.706,1422.308389706,2.115623951953e+00,17
1422313519.531,1422.313519531,2.034945185057e+00,18
1422318500.000,1422.318500000,2.250569058468e+00,16
1422323480.469,1422.323480469,2.005524056254e+00,18
1422328460.938,1422.328460938,1.893922825490e+00,16
1422333441.406,1422.333441406,2.118754394508e+00,18
1422338571.232,1422.338571232,1.925918783701e+00,17
1422343545.956,1422.343545956,1.866280864489e+00,17
1422348532.169,1422.348532169,2.131713213989e+00,17
1422353506.893,1422.353506893,2.018777355605e+00,17
1422358493.107,1422.358493107,1.897194585798e+00,17
1422363467.831,1422.363467831,2.211833634165e+00,17
1422368454.044,1422.368454044,1.930575806651e+00,17
1422373428.768,1422.373428768,1.942573197462e+00,17
1422378414.982,1422.378414982,2.189560013934e+00,17
1422383389.706,1422.383389706,2.028541101120e+00,17
1422388519.531,1422.388519531,1.924376971738e+00,18
1422393500.000,1422.393500000,2.135943410651e+00,16
1422398480.469,1422.398480469,1.958826731238e+00,18
1422403460.938,1422.403460938,1.922745742562e+00,16
1422408539.062,1422.408539062,2.313973172610e+00,9
1422413519.531,1422.413519531,2.095641611754e+00,8
1422418500.000,1422.418500000,2.002518645052e+00,9
1422423480.469,1422.423480469,2.213045274617e+00,8
1422428460.938,1422.428460938,2.064434572946e+00,9
1422433441.406,1422.433441406,1.994698944730e+00,8
1422438421.875,1422.438421875,2.251386444967e+00,9
1422443402.344,1422.443402344,2.118071527065e+00,8
1422448382.812,1422.448382812,2.061495884254e+00,9
1422453363.281,1422.453363281,2.354277756038e+00,8
1422458343.750,1422.458343750,2.185065849712e+00,9
1422463617.188,1422.463617188,2.071103233812e+00,9
1422468597.656,1422.468597656,2.297479893256e+00,8
1422473578.125,1422.473578125,2.155438373363e+00,9
1422478558.594,1422.478558594,2.063444272565e+00,8
1422483539.062,1422.483539062,2.329840208574e+00,9
1422488519.531,1422.488519531,2.207566471998e+00,8
1422493500.000,1422.493500000,2.058042808068e+00,9
1422498480.469,1422.498480469,2.456836358935e+00,8
1422503460.938,1422.503460938,2.135520202952e+00,9
1422508441.406,1422.508441406,2.050503239921e+00,8
1422513421.875,1422.513421875,2.258121466022e+00,9
1422518402.344,1422.518402344,2.062201366470e+00,8
1422523382.812,1422.523382812,1.989325360194e+00,9
1422528363.281,1422.528363281,2.315146711637e+00,8
1422533343.750,1422.533343750,2.125950153682e+00,9
1422538617.188,1422.538617188,2.046760047314e+00,9
1422543597.656,1422.543597656,2.274822938764e+00,8
1422548578.125,1422.548578125,2.148682343674e+00,9
1422553558.594,1422.553558594,2.041592423776e+00,8
1422558539.062,1422.558539062,2.267405402325e+00,9
1422563519.531,1422.563519531,2.141708092322e+00,8
1422568500.000,1422.568500000,2.035314182685e+00,9
1422573480.469,1422.573480469,2.243844914632e+00,8
1422578460.938,1422.578460938,2.153493306432e+00,9
1422583441.406,1422.583441406,2.009520744459e+00,8
1422588421.875,1422.588421875,2.383714933288e+00,9
1422593402.344,1422.593402344,2.184602582412e+00,8
1422598382.812,1422.598382812,2.007767986796e+00,9
1422603363.281,1422.603363281,2.244373435489e+00,8
1422608343.750,1422.608343750,2.128922307580e+00,9
1422613617.188,1422.613617188,1.985643506107e+00,9
1422618597.656,1422.618597656,2.228975126459e+00,8
1422623578.125,1422.623578125,2.072405274494e+00,9
1422628558.594,1422.628558594,2.029241627182e+00,8
1422633539.062,1422.633539062,2.243761001213e+00,9
1422638519.531,1422.638519531,2.068585403734e+00,8
1422643500.000,1422.643500000,2.100614864601e+00,9
1422648480.469,1422.648480469,2.315269995398e+00,8
1422653460.938,1422.653460938,2.123217374721e+00,9
1422658441.406,1422.658441406,2.014998637078e+00,8
1422663421.875,1422.663421875,2.245236610664e+00,9
1422668402.344,1422.668402344,2.107106946934e+00,8
1422673382.812,1422.673382812,2.184639289918e+00,9
1422678363.281,1422.678363281,2.275710565424e+00,8
1422683343.750,1422.683343750,2.196419605740e+00,9
1422688617.188,1422.688617188,2.014937046678e+00,9
1422693597.656,1422.693597656,2.337497661283e+00,8
1422698578.125,1422.698578125,2.128321312842e+00,9
1422703558.594,1422.703558594,2.000543083215e+00,8
1422708539.062,1422.708539062,2.288124971781e+00,9
1422713519.531,1422.713519531,2.111086969556e+00,8
1422718500.000,1422.718500000,2.089424847952e+00,9
1422723480.469,1422.723480469,2.490050960117e+00,8
1422728460.938,1422.728460938,2.230757486972e+00,9
1422733441.406,1422.733441406,2.149105029505e+00,8
1422738421.875,1422.738421875,2.429906509356e+00,9
1422743402.344,1422.743402344,2.193633195404e+00,8
1422748382.812,1422.748382812,2.052170528721e+00,9
1422753363.281,1422.753363281,2.403267625549e+00,8
1422758343.750,1422.758343750,2.163488329390e+00,9
1422763617.188,1422.763617188,2.182063680206e+00,9
1422768597.656,1422.768597656,2.614620611176e+00,8
1422773578.125,1422.773578125,2.217754578874e+00,9
1422778558.594,1422.778558594,2.078614194981e+00,8
1422783539.062,1422.783539062,2.305860475364e+00,9
1422788519.531,1422.788519531,2.134764141191e+00,8
1422793500.000,1422.793500000,2.138936702564e+00,9
1422798480.469,1422.798480469,2.411965442813e+00,8
1422803460.938,1422.803460938,2.211720694113e+00,9
1422808441.406,1422.808441406,2.087904790902e+00,8
1422813421.875,1422.813421875,2.452454321610e+00,9
1422818402.344,1422.818402344,2.263874618070e+00,8
1422823382.812,1422.823382812,2.098993178951e+00,9
1422828363.281,1422.828363281,2.399950446441e+00,8
1422833343.750,1422.833343750,2.181014940186e+00,9
1422838617.188,1422.838617188,2.140665713709e+00,9
1422843597.656,1422.843597656,2.394961172130e+00,8
1422848578.125,1422.848578125,2.245595590527e+00,9
1422853558.594,1422.853558594,2.143438047504e+00,8
1422858539.062,1422.858539062,2.392941960870e+00,9
1422863519.531,1422.863519531,2.205972396495e+00,8
1422868500.000,1422.868500000,2.067031006603e+00,9
1422873480.469,1422.873480469,2.357229360902e+00,8
1422878460.938,1422.878460938,2.177461586256e+00,9
1422883441.406,1422.883441406,2.081253870839e+00,8
1422888421.875,1422.888421875,2.363047458446e+00,9
1422893402.344,1422.893402344,2.185058177623e+00,8
1422898382.812,1422.898382812,2.175936246860e+00,9
1422903363.281,1422.903363281,2.522480887838e+00,8
1422908343.750,1422.908343750,2.357336144855e+00,9
1422913617.188,1422.913617188,2.197569804867e+00,9
1422918597.656,1422.918597656,2.418625971113e+00,8
1422923578.125,1422.923578125,2.275061751449e+00,9
1422928558.594,1422.928558594,2.145473148355e+00,8
1422933539.062,1422.933539062,2.465058710241e+00,9
1422938519.531,1422.938519531,2.200946630081e+00,8
1422943500.000,1422.943500000,2.152228056140e+00,9
1422948480.469,1422.948480469,2.617895405118e+00,8
1422953460.938,1422.953460938,2.318309991359e+00,9
1422958441.406,1422.958441406,2.128618258946e+00,8
1422963421.875,1422.963421875,2.366671484255e+00,9
1422968402.344,1422.968402344,2.200157161979e+00,8
1422973382.812,1422.973382812,2.102855614356e+00,9
1422978363.281,1422.978363281,2.402023068288e+00,8
1422983343.750,1422.983343750,2.214232846484e+00,9
1422988617.188,1422.988617188,2.117379973892e+00,9
1422993597.656,1422.993597656,2.506694048099e+00,8
1422998578.125,1422.998578125,2.321999411192e+00,9
1423003558.594,1423.003558594,2.133553887031e+00,8
1423008539.062,1423.008539062,2.388436000006e+00,9
1423013519.531,1423.013519531,2.195199580170e+00,8
1423018500.000,1423.018500000,2.099295340493e+00,9
1423023480.469,1423.023480469,2.413609479558e+00,8
1423028460.938,1423.028460938,2.212683394253e+00,9
1423033441.406,1423.033441406,2.202808204443e+00,8
1423038421.875,1423.038421875,2.521134115473e+00,9
1423043402.344,1423.043402344,2.304070691061e+00,8
1423048382.812,1423.048382812,2.138706188807e+00,9
1423053363.281,1423.053363281,2.315993326088e+00,8
1423058343.750,1423.058343750,2.159804123139e+00,9
1423063617.188,1423.063617188,2.079449192861e+00,9
1423068597.656,1423.068597656,2.417779513420e+00,8
1423073578.125,1423.073578125,2.220280476647e+00,9
1423078558.594,1423.078558594,2.136012199996e+00,8
1423083539.062,1423.083539062,2.465223775616e+00,9
1423088519.531,1423.088519531,2.187098940118e+00,8
1423093500.000,1423.093500000,2.139303434981e+00,9
1423098480.469,1423.098480469,2.455542368142e+00,8
1423103460.938,1423.103460938,2.246310679469e+00,9
1423108441.406,1423.108441406,2.103273004510e+00,8
1423113421.875,1423.113421875,2.372304233102e+00,9
1423118402.344,1423.118402344,2.157446436380e+00,8
1423123382.812,1423.123382812,2.129895115636e+00,9
1423128363.281,1423.128363281,2.456367086584e+00,8
1423133343.750,1423.133343750,2.152823320348e+00,9
1423138617.188,1423.138617188,2.051920213494e+00,9
1423143597.656,1423.143597656,2.291232030313e+00,8
1423148578.125,1423.148578125,2.151653997914e+00,9
1423153558.594,1423.153558594,2.024638823422e+00,8
1423158539.062,1423.158539062,2.317962961823e+00,9
1423163519.531,1423.163519531,2.107411282492e+00,8
1423168500.000,1423.168500000,2.025561677368e+00,9
1423173480.469,1423.173480469,2.245266570748e+00,8
1423178460.938,1423.178460938,2.126349592849e+00,9
1423183441.406,1423.183441406,1.999433542916e+00,8
1423188421.875,1423.188421875,2.258467366534e+00,9
1423193402.344,1423.193402344,2.045061414096e+00,8
1423198382.812,1423.198382812,1.924355201076e+00,9
1423203363.281,1423.203363281,2.207326306241e+00,8
